gt,clock,s1,s2,lead,tno,period,periodType,pno,player,success,actionType,actionNumber,previousAction,qualifier/0,subType,scoring,shirtNumber,qualifier/1,firstName,familyName,internationalFirstName,internationalFamilyName,firstNameInitial,familyNameInitial,internationalFirstNameInitial,internationalFamilyNameInitial,scoreboardName,qualifier/2
00:00,00:00:00,73,76,-3,0,4,REGULAR,0,,1,game,776,,confirmed,end,0,,,,,,,,,,,,
00:00,00:00:00,73,76,-3,0,4,REGULAR,0,,1,period,775,,confirmed,end,0,,,,,,,,,,,,
00:05,00:05:10,73,76,-3,1,4,REGULAR,10,J. Lual-Acuil Jr,1,2pt,773,,fromturnover,dunk,1,0,pointsinthepaint,Jo,Lual-Acuil Jr,Jo,Lual-Acuil Jr,J,L,J,L,J. Lual-Acuil Jr,
00:06,00:06:80,71,76,-5,2,4,REGULAR,11,J. Adams,1,turnover,771,,,badpass,0,14,,Josh,Adams,Josh,Adams,J,A,J,A,J. Adams,
00:11,00:11:60,71,76,-5,2,4,REGULAR,14,M. McIntosh,1,rebound,769,768,,defensive,0,0,,Mikyle,Mcintosh,MiKyle,McIntosh,M,M,M,M,M. Mcintosh,
00:14,00:14:10,71,76,-5,1,4,REGULAR,9,Y. Baba,0,3pt,768,,,jumpshot,1,18,,Yudai,Baba,Yudai,Baba,Y,B,Y,B,Y. Baba,
00:19,00:19:20,71,76,-5,2,4,REGULAR,11,J. Adams,1,freethrow,766,,,2of2,1,14,,Josh,Adams,Josh,Adams,J,A,J,A,J. Adams,
00:19,00:19:20,71,75,-4,2,4,REGULAR,0,,1,rebound,765,764,,offensivedeadball,0,,,,,,,,,,,,
00:19,00:19:20,71,75,-4,2,4,REGULAR,11,J. Adams,0,freethrow,764,,,1of2,1,14,,Josh,Adams,Josh,Adams,J,A,J,A,J. Adams,
00:19,00:19:20,71,75,-4,2,4,REGULAR,2,C. Steindl,1,substitution,762,,,out,0,35,,Clint,Steindl,Clint,Steindl,C,S,C,S,C. Steindl,
00:19,00:19:20,71,75,-4,2,4,REGULAR,8,S. McDaniel,1,substitution,763,,,in,0,30,,Sam,Mcdaniel,Sam,McDaniel,S,M,S,M,S. Mcdaniel,
00:19,00:19:20,71,75,-4,2,4,REGULAR,11,J. Adams,1,foulon,761,760,,,0,14,,Josh,Adams,Josh,Adams,J,A,J,A,J. Adams,
00:19,00:19:20,71,75,-4,1,4,REGULAR,5,S. Ili,1,foul,760,,2freethrow,personal,0,51,,Shea,Ili,Shea,Ili,S,I,S,I,Shili_,
00:26,00:26:10,71,75,-4,1,4,REGULAR,6,J. White,1,freethrow,755,,2ndchance,1of1,1,14,fastbreak,Jack,White,Jack,White,J,W,J,W,J. White,
00:26,00:26:10,70,75,-5,2,4,REGULAR,8,S. McDaniel,1,substitution,753,,,out,0,30,,Sam,Mcdaniel,Sam,McDaniel,S,M,S,M,S. Mcdaniel,
00:26,00:26:10,70,75,-5,2,4,REGULAR,2,C. Steindl,1,substitution,754,,,in,0,35,,Clint,Steindl,Clint,Steindl,C,S,C,S,C. Steindl,
00:26,00:26:10,70,75,-5,1,4,REGULAR,6,J. White,1,foulon,752,751,,,0,14,,Jack,White,Jack,White,J,W,J,W,J. White,
00:26,00:26:10,70,75,-5,2,4,REGULAR,6,J. McVeigh,1,foul,751,,shooting,personal,0,9,1freethrow,Jack,Mcveigh,Jack,McVeigh,J,M,J,M,Jackmctrey1,
00:26,00:26:10,70,75,-5,1,4,REGULAR,6,J. White,1,2pt,750,,2ndchance,layup,1,14,pointsinthepaint,Jack,White,Jack,White,J,W,J,W,J. White,fastbreak
00:26,00:26:10,68,75,-7,1,4,REGULAR,6,J. White,1,rebound,749,748,,offensive,0,14,,Jack,White,Jack,White,J,W,J,W,J. White,
00:26,00:26:10,68,75,-7,1,4,REGULAR,10,J. Lual-Acuil Jr,0,2pt,748,,pointsinthepaint,drivinglayup,1,0,,Jo,Lual-Acuil Jr,Jo,Lual-Acuil Jr,J,L,J,L,J. Lual-Acuil Jr,
00:34,00:34:10,68,75,-7,2,4,REGULAR,11,J. Adams,1,freethrow,745,,2ndchance,2of2,1,14,,Josh,Adams,Josh,Adams,J,A,J,A,J. Adams,
00:34,00:34:10,68,74,-6,2,4,REGULAR,0,,1,rebound,744,743,,offensivedeadball,0,,,,,,,,,,,,
00:34,00:34:10,68,74,-6,2,4,REGULAR,11,J. Adams,0,freethrow,743,,2ndchance,1of2,1,14,,Josh,Adams,Josh,Adams,J,A,J,A,J. Adams,
00:34,00:34:10,68,74,-6,2,4,REGULAR,2,C. Steindl,1,substitution,741,,,out,0,35,,Clint,Steindl,Clint,Steindl,C,S,C,S,C. Steindl,
00:34,00:34:10,68,74,-6,2,4,REGULAR,8,S. McDaniel,1,substitution,742,,,in,0,30,,Sam,Mcdaniel,Sam,McDaniel,S,M,S,M,S. Mcdaniel,
00:34,00:34:10,68,74,-6,2,4,REGULAR,11,J. Adams,1,foulon,740,739,,,0,14,,Josh,Adams,Josh,Adams,J,A,J,A,J. Adams,
00:34,00:34:10,68,74,-6,1,4,REGULAR,5,S. Ili,1,foul,739,,2freethrow,personal,0,51,,Shea,Ili,Shea,Ili,S,I,S,I,Shili_,
00:34,00:34:50,68,74,-6,2,4,REGULAR,11,J. Adams,1,rebound,737,736,,offensive,0,14,,Josh,Adams,Josh,Adams,J,A,J,A,J. Adams,
00:39,00:39:30,68,74,-6,2,4,REGULAR,12,J. Magette,0,3pt,736,,,pullupjumpshot,1,2,,Josh,Magette,Josh,Magette,J,M,J,M,J. Magette,
00:58,00:58:80,68,74,-6,2,4,REGULAR,12,J. Magette,1,rebound,731,730,,defensive,0,2,,Josh,Magette,Josh,Magette,J,M,J,M,J. Magette,
01:03,01:03:00,68,74,-6,1,4,REGULAR,13,M. Dellavedova,0,3pt,730,,,jumpshot,1,8,,Matthew,Dellavedova,Matthew,Dellavedova,M,D,M,D,M. Dellavedova,
01:11,01:11:00,68,74,-6,2,4,REGULAR,11,J. Adams,1,3pt,727,,,jumpshot,1,14,,Josh,Adams,Josh,Adams,J,A,J,A,J. Adams,
01:20,01:20:00,68,71,-3,1,4,REGULAR,16,C. Agada,1,substitution,724,,,out,0,7,,Caleb,Agada,Caleb,Agada,C,A,C,A,C. Agada,
01:20,01:20:00,68,71,-3,1,4,REGULAR,9,Y. Baba,1,substitution,725,,,in,0,18,,Yudai,Baba,Yudai,Baba,Y,B,Y,B,Y. Baba,
01:20,01:20:00,68,71,-3,2,4,REGULAR,11,J. Adams,1,foulon,723,722,,,0,14,,Josh,Adams,Josh,Adams,J,A,J,A,J. Adams,
01:20,01:20:00,68,71,-3,1,4,REGULAR,16,C. Agada,1,foul,722,,,personal,0,7,,Caleb,Agada,Caleb,Agada,C,A,C,A,C. Agada,
01:25,01:25:00,68,71,-3,1,4,REGULAR,6,J. White,1,2pt,719,,2ndchance,layup,1,14,pointsinthepaint,Jack,White,Jack,White,J,W,J,W,J. White,
01:26,01:26:00,66,71,-5,1,4,REGULAR,6,J. White,1,rebound,717,716,,offensive,0,14,,Jack,White,Jack,White,J,W,J,W,J. White,
01:30,01:30:00,66,71,-5,1,4,REGULAR,16,C. Agada,0,3pt,716,,2ndchance,jumpshot,1,7,,Caleb,Agada,Caleb,Agada,C,A,C,A,C. Agada,
01:31,01:31:00,66,71,-5,1,4,REGULAR,16,C. Agada,1,rebound,715,713,,offensive,0,7,,Caleb,Agada,Caleb,Agada,C,A,C,A,C. Agada,
01:32,01:32:00,66,71,-5,1,4,REGULAR,6,J. White,0,freethrow,713,,,1of1,1,14,,Jack,White,Jack,White,J,W,J,W,J. White,
01:32,01:32:00,66,71,-5,1,4,REGULAR,6,J. White,1,foulon,712,711,,,0,14,,Jack,White,Jack,White,J,W,J,W,J. White,
01:32,01:32:00,66,71,-5,2,4,REGULAR,6,J. McVeigh,1,foul,711,,shooting,personal,0,9,1freethrow,Jack,Mcveigh,Jack,McVeigh,J,M,J,M,Jackmctrey1,
01:33,01:33:00,66,71,-5,1,4,REGULAR,13,M. Dellavedova,1,assist,710,708,,,0,8,,Matthew,Dellavedova,Matthew,Dellavedova,M,D,M,D,M. Dellavedova,
01:33,01:33:00,66,71,-5,1,4,REGULAR,6,J. White,1,2pt,708,,pointsinthepaint,dunk,1,14,,Jack,White,Jack,White,J,W,J,W,J. White,
01:35,01:35:00,64,71,-7,1,4,REGULAR,0,,1,timeout,704,,,full,0,,,,,,,,,,,,
01:43,01:43:00,64,71,-7,1,4,REGULAR,10,J. Lual-Acuil Jr,1,rebound,702,701,,defensive,0,0,,Jo,Lual-Acuil Jr,Jo,Lual-Acuil Jr,J,L,J,L,J. Lual-Acuil Jr,
01:49,01:49:00,64,71,-7,2,4,REGULAR,11,J. Adams,0,3pt,701,,2ndchance,jumpshot,1,14,,Josh,Adams,Josh,Adams,J,A,J,A,J. Adams,
02:01,02:01:00,64,71,-7,2,4,REGULAR,14,M. McIntosh,1,rebound,700,699,,offensive,0,0,,Mikyle,Mcintosh,MiKyle,McIntosh,M,M,M,M,M. Mcintosh,
02:04,02:04:00,64,71,-7,2,4,REGULAR,12,J. Magette,0,3pt,699,,,pullupjumpshot,1,2,,Josh,Magette,Josh,Magette,J,M,J,M,J. Magette,
02:17,02:17:00,64,71,-7,2,4,REGULAR,14,M. McIntosh,1,rebound,698,697,,defensive,0,0,,Mikyle,Mcintosh,MiKyle,McIntosh,M,M,M,M,M. Mcintosh,
02:21,02:21:00,64,71,-7,1,4,REGULAR,6,J. White,0,2pt,697,,2ndchance,layup,1,14,pointsinthepaint,Jack,White,Jack,White,J,W,J,W,J. White,
02:21,02:21:00,64,71,-7,1,4,REGULAR,6,J. White,1,rebound,696,695,,offensive,0,14,,Jack,White,Jack,White,J,W,J,W,J. White,
02:24,02:24:00,64,71,-7,1,4,REGULAR,13,M. Dellavedova,0,2pt,695,,pointsinthepaint,pullupjumpshot,1,8,,Matthew,Dellavedova,Matthew,Dellavedova,M,D,M,D,M. Dellavedova,
02:42,02:42:00,64,71,-7,1,4,REGULAR,9,Y. Baba,1,substitution,690,,,out,0,18,,Yudai,Baba,Yudai,Baba,Y,B,Y,B,Y. Baba,
02:42,02:42:00,64,71,-7,1,4,REGULAR,13,M. Dellavedova,1,substitution,691,,,in,0,8,,Matthew,Dellavedova,Matthew,Dellavedova,M,D,M,D,M. Dellavedova,
02:42,02:42:00,64,71,-7,2,4,REGULAR,11,J. Adams,1,freethrow,689,,fastbreak,2of2,1,14,fromturnover,Josh,Adams,Josh,Adams,J,A,J,A,J. Adams,
02:42,02:42:00,64,70,-6,2,4,REGULAR,11,J. Adams,1,freethrow,688,,fastbreak,1of2,1,14,fromturnover,Josh,Adams,Josh,Adams,J,A,J,A,J. Adams,
02:42,02:42:00,64,69,-5,2,4,REGULAR,11,J. Adams,1,foulon,687,686,,,0,14,,Josh,Adams,Josh,Adams,J,A,J,A,J. Adams,
02:42,02:42:00,64,69,-5,1,4,REGULAR,16,C. Agada,1,foul,686,,shooting,personal,0,7,2freethrow,Caleb,Agada,Caleb,Agada,C,A,C,A,C. Agada,
02:46,02:46:00,64,69,-5,2,4,REGULAR,2,C. Steindl,1,steal,685,683,,,0,35,,Clint,Steindl,Clint,Steindl,C,S,C,S,C. Steindl,
02:46,02:46:00,64,69,-5,1,4,REGULAR,5,S. Ili,1,turnover,683,,,ballhandling,0,51,,Shea,Ili,Shea,Ili,S,I,S,I,Shili_,
03:06,03:06:00,64,69,-5,2,4,REGULAR,12,J. Magette,1,3pt,682,,,stepbackjumpshot,1,2,,Josh,Magette,Josh,Magette,J,M,J,M,J. Magette,
03:26,03:26:00,64,66,-2,1,4,REGULAR,13,M. Dellavedova,1,substitution,679,,,out,0,8,,Matthew,Dellavedova,Matthew,Dellavedova,M,D,M,D,M. Dellavedova,
03:26,03:26:00,64,66,-2,1,4,REGULAR,16,C. Agada,1,substitution,680,,,in,0,7,,Caleb,Agada,Caleb,Agada,C,A,C,A,C. Agada,
03:26,03:26:00,64,66,-2,2,4,REGULAR,14,M. McIntosh,1,foulon,678,677,,,0,0,,Mikyle,Mcintosh,MiKyle,McIntosh,M,M,M,M,M. Mcintosh,
03:26,03:26:00,64,66,-2,1,4,REGULAR,13,M. Dellavedova,1,foul,677,,,personal,0,8,,Matthew,Dellavedova,Matthew,Dellavedova,M,D,M,D,M. Dellavedova,
03:26,03:26:00,64,66,-2,2,4,REGULAR,14,M. McIntosh,1,rebound,675,674,,defensive,0,0,,Mikyle,Mcintosh,MiKyle,McIntosh,M,M,M,M,M. Mcintosh,
03:26,03:26:00,64,66,-2,1,4,REGULAR,13,M. Dellavedova,0,2pt,674,,2ndchance,layup,1,8,pointsinthepaint,Matthew,Dellavedova,Matthew,Dellavedova,M,D,M,D,M. Dellavedova,
03:26,03:26:00,64,66,-2,1,4,REGULAR,13,M. Dellavedova,1,rebound,673,671,,offensive,0,8,,Matthew,Dellavedova,Matthew,Dellavedova,M,D,M,D,M. Dellavedova,
03:30,03:30:00,64,66,-2,1,4,REGULAR,6,J. White,0,3pt,671,,2ndchance,jumpshot,1,14,,Jack,White,Jack,White,J,W,J,W,J. White,
03:41,03:41:00,64,66,-2,1,4,REGULAR,6,J. White,1,rebound,670,669,,offensive,0,14,,Jack,White,Jack,White,J,W,J,W,J. White,
03:44,03:44:00,64,66,-2,1,4,REGULAR,5,S. Ili,0,2pt,669,,2ndchance,pullupjumpshot,1,51,pointsinthepaint,Shea,Ili,Shea,Ili,S,I,S,I,Shili_,
03:53,03:53:00,64,66,-2,1,4,REGULAR,5,S. Ili,1,rebound,662,661,,offensive,0,51,,Shea,Ili,Shea,Ili,S,I,S,I,Shili_,
03:56,03:56:00,64,66,-2,1,4,REGULAR,13,M. Dellavedova,0,3pt,661,,,jumpshot,1,8,,Matthew,Dellavedova,Matthew,Dellavedova,M,D,M,D,M. Dellavedova,
04:02,04:02:00,64,66,-2,1,4,REGULAR,0,,1,timeout,659,,,full,0,,,,,,,,,,,,
04:02,04:02:00,64,66,-2,1,4,REGULAR,5,S. Ili,1,foulon,658,657,,,0,51,,Shea,Ili,Shea,Ili,S,I,S,I,Shili_,
04:02,04:02:00,64,66,-2,2,4,REGULAR,12,J. Magette,1,foul,657,,,personal,0,2,,Josh,Magette,Josh,Magette,J,M,J,M,J. Magette,
04:05,04:05:00,64,66,-2,1,4,REGULAR,5,S. Ili,1,rebound,655,654,,defensive,0,51,,Shea,Ili,Shea,Ili,S,I,S,I,Shili_,
04:09,04:09:00,64,66,-2,2,4,REGULAR,12,J. Magette,0,3pt,654,,2ndchance,jumpshot,1,2,,Josh,Magette,Josh,Magette,J,M,J,M,J. Magette,
04:11,04:11:00,64,66,-2,2,4,REGULAR,14,M. McIntosh,1,rebound,653,652,,offensive,0,0,,Mikyle,Mcintosh,MiKyle,McIntosh,M,M,M,M,M. Mcintosh,
04:15,04:15:00,64,66,-2,2,4,REGULAR,6,J. McVeigh,0,3pt,652,,2ndchance,jumpshot,1,9,,Jack,Mcveigh,Jack,McVeigh,J,M,J,M,Jackmctrey1,
04:22,04:22:00,64,66,-2,2,4,REGULAR,14,M. McIntosh,1,rebound,651,650,,offensive,0,0,,Mikyle,Mcintosh,MiKyle,McIntosh,M,M,M,M,M. Mcintosh,
04:26,04:26:00,64,66,-2,2,4,REGULAR,11,J. Adams,0,3pt,650,,,jumpshot,1,14,,Josh,Adams,Josh,Adams,J,A,J,A,J. Adams,
04:43,04:43:00,64,66,-2,2,4,REGULAR,14,M. McIntosh,1,rebound,649,647,,defensive,0,0,,Mikyle,Mcintosh,MiKyle,McIntosh,M,M,M,M,M. Mcintosh,
04:44,04:44:00,64,66,-2,1,4,REGULAR,6,J. White,0,freethrow,647,,,2of2,1,14,,Jack,White,Jack,White,J,W,J,W,J. White,
04:44,04:44:00,64,66,-2,1,4,REGULAR,13,M. Dellavedova,1,assist,646,645,,,0,8,,Matthew,Dellavedova,Matthew,Dellavedova,M,D,M,D,M. Dellavedova,
04:44,04:44:00,64,66,-2,1,4,REGULAR,6,J. White,1,freethrow,645,,,1of2,1,14,,Jack,White,Jack,White,J,W,J,W,J. White,
04:44,04:44:00,63,66,-3,1,4,REGULAR,6,J. White,1,foulon,644,643,,,0,14,,Jack,White,Jack,White,J,W,J,W,J. White,
04:44,04:44:00,63,66,-3,2,4,REGULAR,2,C. Steindl,1,foul,643,,shooting,personal,0,35,2freethrow,Clint,Steindl,Clint,Steindl,C,S,C,S,C. Steindl,
04:55,04:55:00,63,66,-3,1,4,REGULAR,0,,1,rebound,640,638,team,defensive,0,,,,,,,,,,,,
04:57,04:57:00,63,66,-3,2,4,REGULAR,14,M. McIntosh,0,3pt,638,,2ndchance,jumpshot,1,0,,Mikyle,Mcintosh,MiKyle,McIntosh,M,M,M,M,M. Mcintosh,
05:02,05:02:00,63,66,-3,2,4,REGULAR,14,M. McIntosh,1,rebound,637,635,,offensive,0,0,,Mikyle,Mcintosh,MiKyle,McIntosh,M,M,M,M,M. Mcintosh,
05:06,05:06:00,63,66,-3,1,4,REGULAR,10,J. Lual-Acuil Jr,1,block,636,635,,,0,0,,Jo,Lual-Acuil Jr,Jo,Lual-Acuil Jr,J,L,J,L,J. Lual-Acuil Jr,
05:06,05:06:00,63,66,-3,2,4,REGULAR,14,M. McIntosh,0,2pt,635,,pointsinthepaint,layup,1,0,blocked,Mikyle,Mcintosh,MiKyle,McIntosh,M,M,M,M,M. Mcintosh,
05:16,05:16:00,63,66,-3,2,4,REGULAR,6,J. McVeigh,1,rebound,634,632,,defensive,0,9,,Jack,Mcveigh,Jack,McVeigh,J,M,J,M,Jackmctrey1,
05:20,05:20:00,63,66,-3,2,4,REGULAR,6,J. McVeigh,1,block,633,632,,,0,9,,Jack,Mcveigh,Jack,McVeigh,J,M,J,M,Jackmctrey1,
05:20,05:20:00,63,66,-3,1,4,REGULAR,6,J. White,0,2pt,632,,2ndchance,layup,1,14,pointsinthepaint,Jack,White,Jack,White,J,W,J,W,J. White,blocked
05:20,05:20:00,63,66,-3,1,4,REGULAR,6,J. White,1,rebound,631,630,,offensive,0,14,,Jack,White,Jack,White,J,W,J,W,J. White,
05:23,05:23:00,63,66,-3,1,4,REGULAR,10,J. Lual-Acuil Jr,0,2pt,630,,pointsinthepaint,turnaroundjumpshot,1,0,,Jo,Lual-Acuil Jr,Jo,Lual-Acuil Jr,J,L,J,L,J. Lual-Acuil Jr,
05:36,05:36:00,63,66,-3,1,4,REGULAR,16,C. Agada,1,substitution,627,,,out,0,7,,Caleb,Agada,Caleb,Agada,C,A,C,A,C. Agada,
05:36,05:36:00,63,66,-3,1,4,REGULAR,5,S. Ili,1,substitution,628,,,in,0,51,,Shea,Ili,Shea,Ili,S,I,S,I,Shili_,
05:40,05:40:00,63,66,-3,2,4,REGULAR,6,J. McVeigh,1,2pt,623,,pointsinthepaint,jumpshot,1,9,,Jack,Mcveigh,Jack,McVeigh,J,M,J,M,Jackmctrey1,
06:01,06:01:00,63,64,-1,2,4,REGULAR,6,J. McVeigh,1,rebound,622,621,,defensive,0,9,,Jack,Mcveigh,Jack,McVeigh,J,M,J,M,Jackmctrey1,
06:03,06:03:00,63,64,-1,1,4,REGULAR,16,C. Agada,0,3pt,621,,2ndchance,jumpshot,1,7,,Caleb,Agada,Caleb,Agada,C,A,C,A,C. Agada,
06:06,06:06:00,63,64,-1,1,4,REGULAR,13,M. Dellavedova,1,rebound,620,619,,offensive,0,8,,Matthew,Dellavedova,Matthew,Dellavedova,M,D,M,D,M. Dellavedova,
06:10,06:10:00,63,64,-1,1,4,REGULAR,16,C. Agada,0,3pt,619,,,jumpshot,1,7,,Caleb,Agada,Caleb,Agada,C,A,C,A,C. Agada,
06:26,06:26:00,63,64,-1,2,4,REGULAR,2,C. Steindl,1,substitution,618,,,in,0,35,,Clint,Steindl,Clint,Steindl,C,S,C,S,C. Steindl,
06:26,06:26:00,63,64,-1,2,4,REGULAR,14,M. McIntosh,1,substitution,617,,,in,0,0,,Mikyle,Mcintosh,MiKyle,McIntosh,M,M,M,M,M. Mcintosh,
06:26,06:26:00,63,64,-1,2,4,REGULAR,9,F. Krslovic,1,substitution,615,,,out,0,20,,Fabijan,Krslovic,Fabijan,Krslovic,F,K,F,K,F. Krslovic,
06:26,06:26:00,63,64,-1,2,4,REGULAR,8,S. McDaniel,1,substitution,616,,,out,0,30,,Sam,Mcdaniel,Sam,McDaniel,S,M,S,M,S. Mcdaniel,
06:26,06:26:00,63,64,-1,2,4,REGULAR,11,J. Adams,1,2pt,613,,pointsinthepaint,drivinglayup,1,14,,Josh,Adams,Josh,Adams,J,A,J,A,J. Adams,
06:46,06:46:00,63,62,1,1,4,REGULAR,10,J. Lual-Acuil Jr,1,2pt,609,,pointsinthepaint,layup,1,0,,Jo,Lual-Acuil Jr,Jo,Lual-Acuil Jr,J,L,J,L,J. Lual-Acuil Jr,
06:55,06:55:00,61,62,-1,1,4,REGULAR,10,J. Lual-Acuil Jr,1,rebound,608,607,,defensive,0,0,,Jo,Lual-Acuil Jr,Jo,Lual-Acuil Jr,J,L,J,L,J. Lual-Acuil Jr,
06:57,06:57:00,61,62,-1,2,4,REGULAR,9,F. Krslovic,0,2pt,607,,2ndchance,layup,1,20,pointsinthepaint,Fabijan,Krslovic,Fabijan,Krslovic,F,K,F,K,F. Krslovic,
07:08,07:08:00,61,62,-1,2,4,REGULAR,8,S. McDaniel,1,rebound,606,605,,offensive,0,30,,Sam,Mcdaniel,Sam,McDaniel,S,M,S,M,S. Mcdaniel,
07:11,07:11:00,61,62,-1,2,4,REGULAR,11,J. Adams,0,3pt,605,,,pullupjumpshot,1,14,,Josh,Adams,Josh,Adams,J,A,J,A,J. Adams,
07:28,07:28:00,61,62,-1,1,4,REGULAR,13,M. Dellavedova,1,freethrow,603,,,2of2,1,8,,Matthew,Dellavedova,Matthew,Dellavedova,M,D,M,D,M. Dellavedova,
07:28,07:28:00,60,62,-2,1,4,REGULAR,13,M. Dellavedova,1,freethrow,602,,,1of2,1,8,,Matthew,Dellavedova,Matthew,Dellavedova,M,D,M,D,M. Dellavedova,
07:28,07:28:00,59,62,-3,1,4,REGULAR,11,M. Peatling,1,substitution,600,,,out,0,22,,Mason,Peatling,Mason,Peatling,M,P,M,P,M. Peatling,
07:28,07:28:00,59,62,-3,1,4,REGULAR,6,J. White,1,substitution,601,,,in,0,14,,Jack,White,Jack,White,J,W,J,W,J. White,
07:28,07:28:00,59,62,-3,1,4,REGULAR,13,M. Dellavedova,1,foulon,599,598,,,0,8,,Matthew,Dellavedova,Matthew,Dellavedova,M,D,M,D,M. Dellavedova,
07:28,07:28:00,59,62,-3,2,4,REGULAR,8,S. McDaniel,1,foul,598,,shooting,personal,0,30,2freethrow,Sam,Mcdaniel,Sam,McDaniel,S,M,S,M,S. Mcdaniel,
07:32,07:32:00,59,62,-3,1,4,REGULAR,11,M. Peatling,1,rebound,596,594,,defensive,0,22,,Mason,Peatling,Mason,Peatling,M,P,M,P,M. Peatling,
07:36,07:36:00,59,62,-3,1,4,REGULAR,16,C. Agada,1,block,595,594,,,0,7,,Caleb,Agada,Caleb,Agada,C,A,C,A,C. Agada,
07:36,07:36:00,59,62,-3,2,4,REGULAR,12,J. Magette,0,2pt,594,,pointsinthepaint,pullupjumpshot,1,2,blocked,Josh,Magette,Josh,Magette,J,M,J,M,J. Magette,
08:00,08:00:00,59,62,-3,1,4,REGULAR,11,M. Peatling,1,assist,593,592,,,0,22,,Mason,Peatling,Mason,Peatling,M,P,M,P,M. Peatling,
08:00,08:00:00,59,62,-3,1,4,REGULAR,10,J. Lual-Acuil Jr,1,2pt,592,,pointsinthepaint,layup,1,0,,Jo,Lual-Acuil Jr,Jo,Lual-Acuil Jr,J,L,J,L,J. Lual-Acuil Jr,
08:15,08:15:00,57,62,-5,2,4,REGULAR,6,J. McVeigh,1,2pt,591,,pointsinthepaint,pullupjumpshot,1,9,,Jack,Mcveigh,Jack,McVeigh,J,M,J,M,Jackmctrey1,
08:29,08:29:00,57,60,-3,1,4,REGULAR,13,M. Dellavedova,1,assist,590,589,,,0,8,,Matthew,Dellavedova,Matthew,Dellavedova,M,D,M,D,M. Dellavedova,
08:29,08:29:00,57,60,-3,1,4,REGULAR,10,J. Lual-Acuil Jr,1,3pt,589,,,jumpshot,1,0,,Jo,Lual-Acuil Jr,Jo,Lual-Acuil Jr,J,L,J,L,J. Lual-Acuil Jr,
08:39,08:39:00,54,60,-6,2,4,REGULAR,11,J. Adams,1,substitution,587,,,in,0,14,,Josh,Adams,Josh,Adams,J,A,J,A,J. Adams,
08:39,08:39:00,54,60,-6,2,4,REGULAR,12,J. Magette,1,substitution,586,,,in,0,2,,Josh,Magette,Josh,Magette,J,M,J,M,J. Magette,
08:39,08:39:00,54,60,-6,2,4,REGULAR,2,C. Steindl,1,substitution,584,,,out,0,35,,Clint,Steindl,Clint,Steindl,C,S,C,S,C. Steindl,
08:39,08:39:00,54,60,-6,2,4,REGULAR,1,J. Weeks,1,substitution,585,,,out,0,97,,Jarrad,Weeks,Jarrad,Weeks,J,W,J,W,Weeksy_11,
08:39,08:39:00,54,60,-6,1,4,REGULAR,13,M. Dellavedova,1,foulon,583,582,,,0,8,,Matthew,Dellavedova,Matthew,Dellavedova,M,D,M,D,M. Dellavedova,
08:39,08:39:00,54,60,-6,2,4,REGULAR,2,C. Steindl,1,foul,582,,,personal,0,35,,Clint,Steindl,Clint,Steindl,C,S,C,S,C. Steindl,
08:39,08:39:00,54,60,-6,1,4,REGULAR,13,M. Dellavedova,1,rebound,581,579,,defensive,0,8,,Matthew,Dellavedova,Matthew,Dellavedova,M,D,M,D,M. Dellavedova,
08:43,08:43:00,54,60,-6,2,4,REGULAR,9,F. Krslovic,0,3pt,579,,,jumpshot,1,20,,Fabijan,Krslovic,Fabijan,Krslovic,F,K,F,K,F. Krslovic,
08:56,08:56:00,54,60,-6,2,4,REGULAR,1,J. Weeks,1,rebound,578,577,,defensive,0,97,,Jarrad,Weeks,Jarrad,Weeks,J,W,J,W,Weeksy_11,
09:00,09:00:00,54,60,-6,1,4,REGULAR,13,M. Dellavedova,0,3pt,577,,2ndchance,pullupjumpshot,1,8,,Matthew,Dellavedova,Matthew,Dellavedova,M,D,M,D,M. Dellavedova,
09:10,09:10:00,54,60,-6,1,4,REGULAR,11,M. Peatling,1,rebound,576,575,,offensive,0,22,,Mason,Peatling,Mason,Peatling,M,P,M,P,M. Peatling,
09:15,09:15:00,54,60,-6,1,4,REGULAR,16,C. Agada,0,3pt,575,,,stepbackjumpshot,1,7,,Caleb,Agada,Caleb,Agada,C,A,C,A,C. Agada,
09:19,09:19:00,54,60,-6,1,4,REGULAR,16,C. Agada,1,rebound,574,573,,defensive,0,7,,Caleb,Agada,Caleb,Agada,C,A,C,A,C. Agada,
09:23,09:23:00,54,60,-6,2,4,REGULAR,1,J. Weeks,0,3pt,573,,fromturnover,stepbackjumpshot,1,97,,Jarrad,Weeks,Jarrad,Weeks,J,W,J,W,Weeksy_11,
09:34,09:34:00,54,60,-6,1,4,REGULAR,5,S. Ili,1,substitution,570,,,out,0,51,,Shea,Ili,Shea,Ili,S,I,S,I,Shili_,
09:34,09:34:00,54,60,-6,1,4,REGULAR,13,M. Dellavedova,1,substitution,571,,,in,0,8,,Matthew,Dellavedova,Matthew,Dellavedova,M,D,M,D,M. Dellavedova,
09:34,09:34:00,54,60,-6,2,4,REGULAR,9,F. Krslovic,1,foulon,569,568,,,0,20,,Fabijan,Krslovic,Fabijan,Krslovic,F,K,F,K,F. Krslovic,
09:34,09:34:00,54,60,-6,1,4,REGULAR,10,J. Lual-Acuil Jr,1,foul,568,,,personal,0,0,,Jo,Lual-Acuil Jr,Jo,Lual-Acuil Jr,J,L,J,L,J. Lual-Acuil Jr,
09:43,09:43:00,54,60,-6,1,4,REGULAR,11,M. Peatling,1,turnover,565,,,badpass,0,22,,Mason,Peatling,Mason,Peatling,M,P,M,P,M. Peatling,
10:00,10:00:00,54,60,-6,0,4,REGULAR,0,,1,period,562,,,start,0,,,,,,,,,,,,
00:00,00:00:00,54,60,-6,0,3,REGULAR,0,,1,period,561,,confirmed,end,0,,,,,,,,,,,,
00:00,00:00:40,54,60,-6,1,3,REGULAR,16,C. Agada,0,3pt,560,,,pullupjumpshot,1,7,,Caleb,Agada,Caleb,Agada,C,A,C,A,C. Agada,
00:02,00:02:50,54,60,-6,1,3,REGULAR,5,S. Ili,1,rebound,558,557,,defensive,0,51,,Shea,Ili,Shea,Ili,S,I,S,I,Shili_,
00:04,00:04:60,54,60,-6,2,3,REGULAR,1,J. Weeks,0,3pt,557,,,pullupjumpshot,1,97,,Jarrad,Weeks,Jarrad,Weeks,J,W,J,W,Weeksy_11,
00:20,00:20:80,54,60,-6,1,3,REGULAR,5,S. Ili,1,2pt,552,,pointsinthepaint,drivinglayup,1,51,,Shea,Ili,Shea,Ili,S,I,S,I,Shili_,
00:44,00:44:10,52,60,-8,2,3,REGULAR,9,F. Krslovic,1,assist,551,550,,,0,20,,Fabijan,Krslovic,Fabijan,Krslovic,F,K,F,K,F. Krslovic,
00:44,00:44:10,52,60,-8,2,3,REGULAR,1,J. Weeks,1,3pt,550,,,jumpshot,1,97,,Jarrad,Weeks,Jarrad,Weeks,J,W,J,W,Weeksy_11,
00:57,00:57:70,52,57,-5,1,3,REGULAR,11,M. Peatling,1,freethrow,548,,,2of2,1,22,,Mason,Peatling,Mason,Peatling,M,P,M,P,M. Peatling,
00:57,00:57:70,51,57,-6,1,3,REGULAR,11,M. Peatling,1,freethrow,547,,,1of2,1,22,,Mason,Peatling,Mason,Peatling,M,P,M,P,M. Peatling,
00:57,00:57:70,50,57,-7,2,3,REGULAR,2,C. Steindl,1,substitution,546,,,in,0,35,,Clint,Steindl,Clint,Steindl,C,S,C,S,C. Steindl,
00:57,00:57:70,50,57,-7,2,3,REGULAR,6,J. McVeigh,1,substitution,545,,,in,0,9,,Jack,Mcveigh,Jack,McVeigh,J,M,J,M,Jackmctrey1,
00:57,00:57:70,50,57,-7,2,3,REGULAR,14,M. McIntosh,1,substitution,543,,,out,0,0,,Mikyle,Mcintosh,MiKyle,McIntosh,M,M,M,M,M. Mcintosh,
00:57,00:57:70,50,57,-7,2,3,REGULAR,11,J. Adams,1,substitution,544,,,out,0,14,,Josh,Adams,Josh,Adams,J,A,J,A,J. Adams,
00:57,00:57:70,50,57,-7,1,3,REGULAR,11,M. Peatling,1,foulon,542,541,,,0,22,,Mason,Peatling,Mason,Peatling,M,P,M,P,M. Peatling,
00:57,00:57:70,50,57,-7,2,3,REGULAR,14,M. McIntosh,1,foul,541,,2freethrow,personal,0,0,,Mikyle,Mcintosh,MiKyle,McIntosh,M,M,M,M,M. Mcintosh,
00:58,00:58:60,50,57,-7,1,3,REGULAR,10,J. Lual-Acuil Jr,1,rebound,539,538,,defensive,0,0,,Jo,Lual-Acuil Jr,Jo,Lual-Acuil Jr,J,L,J,L,J. Lual-Acuil Jr,
01:03,01:03:00,50,57,-7,2,3,REGULAR,14,M. McIntosh,0,3pt,538,,,jumpshot,1,0,,Mikyle,Mcintosh,MiKyle,McIntosh,M,M,M,M,M. Mcintosh,
01:30,01:30:00,50,57,-7,1,3,REGULAR,5,S. Ili,1,2pt,537,,pointsinthepaint,layup,1,51,,Shea,Ili,Shea,Ili,S,I,S,I,Shili_,
01:46,01:46:00,48,57,-9,2,3,REGULAR,12,J. Magette,1,substitution,534,,,out,0,2,,Josh,Magette,Josh,Magette,J,M,J,M,J. Magette,
01:46,01:46:00,48,57,-9,2,3,REGULAR,1,J. Weeks,1,substitution,535,,,in,0,97,,Jarrad,Weeks,Jarrad,Weeks,J,W,J,W,Weeksy_11,
01:46,01:46:00,48,57,-9,1,3,REGULAR,14,A. Hukporti,1,substitution,532,,,out,0,15,,Ariel,Hukporti,Ariel,Hukporti,A,H,A,H,A. Hukporti,
01:46,01:46:00,48,57,-9,1,3,REGULAR,10,J. Lual-Acuil Jr,1,substitution,533,,,in,0,0,,Jo,Lual-Acuil Jr,Jo,Lual-Acuil Jr,J,L,J,L,J. Lual-Acuil Jr,
01:46,01:46:00,48,57,-9,1,3,REGULAR,0,,1,rebound,531,530,team,defensive,0,,,,,,,,,,,,
01:49,01:49:00,48,57,-9,2,3,REGULAR,12,J. Magette,0,3pt,530,,,jumpshot,1,2,,Josh,Magette,Josh,Magette,J,M,J,M,J. Magette,
02:00,02:00:00,48,57,-9,2,3,REGULAR,9,F. Krslovic,1,rebound,528,527,,defensive,0,20,,Fabijan,Krslovic,Fabijan,Krslovic,F,K,F,K,F. Krslovic,
02:02,02:02:00,48,57,-9,1,3,REGULAR,14,A. Hukporti,0,freethrow,527,,,2of2,1,15,,Ariel,Hukporti,Ariel,Hukporti,A,H,A,H,A. Hukporti,
02:02,02:02:00,48,57,-9,1,3,REGULAR,0,,1,rebound,525,524,,offensivedeadball,0,,,,,,,,,,,,
02:02,02:02:00,48,57,-9,1,3,REGULAR,14,A. Hukporti,0,freethrow,524,,,1of2,1,15,,Ariel,Hukporti,Ariel,Hukporti,A,H,A,H,A. Hukporti,
02:02,02:02:00,48,57,-9,2,3,REGULAR,4,J. Bairstow,1,substitution,522,,,out,0,21,,Jarred,Bairstow,Jarred,Bairstow,J,B,J,B,J. Bairstow,
02:02,02:02:00,48,57,-9,2,3,REGULAR,9,F. Krslovic,1,substitution,523,,,in,0,20,,Fabijan,Krslovic,Fabijan,Krslovic,F,K,F,K,F. Krslovic,
02:02,02:02:00,48,57,-9,1,3,REGULAR,14,A. Hukporti,1,foulon,521,520,,,0,15,,Ariel,Hukporti,Ariel,Hukporti,A,H,A,H,A. Hukporti,
02:02,02:02:00,48,57,-9,2,3,REGULAR,4,J. Bairstow,1,foul,520,,shooting,personal,0,21,2freethrow,Jarred,Bairstow,Jarred,Bairstow,J,B,J,B,J. Bairstow,
02:16,02:16:00,48,57,-9,2,3,REGULAR,12,J. Magette,1,2pt,518,,pointsinthepaint,floatingjumpshot,1,2,,Josh,Magette,Josh,Magette,J,M,J,M,J. Magette,
02:35,02:35:00,48,55,-7,1,3,REGULAR,5,S. Ili,1,assist,517,516,,,0,51,,Shea,Ili,Shea,Ili,S,I,S,I,Shili_,
02:35,02:35:00,48,55,-7,1,3,REGULAR,9,Y. Baba,1,2pt,516,,2ndchance,layup,1,18,fromturnover,Yudai,Baba,Yudai,Baba,Y,B,Y,B,Y. Baba,pointsinthepaint
02:45,02:45:00,46,55,-9,1,3,REGULAR,5,S. Ili,1,rebound,515,514,,offensive,0,51,,Shea,Ili,Shea,Ili,S,I,S,I,Shili_,
02:48,02:48:00,46,55,-9,1,3,REGULAR,14,A. Hukporti,0,2pt,514,,fromturnover,hookshot,1,15,pointsinthepaint,Ariel,Hukporti,Ariel,Hukporti,A,H,A,H,A. Hukporti,
03:06,03:06:00,46,55,-9,1,3,REGULAR,5,S. Ili,1,substitution,510,,,in,0,51,,Shea,Ili,Shea,Ili,S,I,S,I,Shili_,
03:06,03:06:00,46,55,-9,1,3,REGULAR,11,M. Peatling,1,substitution,509,,,in,0,22,,Mason,Peatling,Mason,Peatling,M,P,M,P,M. Peatling,
03:06,03:06:00,46,55,-9,1,3,REGULAR,13,M. Dellavedova,1,substitution,507,,,out,0,8,,Matthew,Dellavedova,Matthew,Dellavedova,M,D,M,D,M. Dellavedova,
03:06,03:06:00,46,55,-9,1,3,REGULAR,6,J. White,1,substitution,508,,,out,0,14,,Jack,White,Jack,White,J,W,J,W,J. White,
03:06,03:06:00,46,55,-9,1,3,REGULAR,13,M. Dellavedova,1,foulon,506,504,,,0,8,,Matthew,Dellavedova,Matthew,Dellavedova,M,D,M,D,M. Dellavedova,
03:06,03:06:00,46,55,-9,2,3,REGULAR,4,J. Bairstow,1,turnover,505,504,,offensive,0,21,,Jarred,Bairstow,Jarred,Bairstow,J,B,J,B,J. Bairstow,
03:06,03:06:00,46,55,-9,2,3,REGULAR,4,J. Bairstow,1,foul,504,,,offensive,0,21,,Jarred,Bairstow,Jarred,Bairstow,J,B,J,B,J. Bairstow,
03:18,03:18:00,46,55,-9,2,3,REGULAR,12,J. Magette,1,rebound,502,501,,defensive,0,2,,Josh,Magette,Josh,Magette,J,M,J,M,J. Magette,
03:20,03:20:00,46,55,-9,1,3,REGULAR,16,C. Agada,0,3pt,501,,2ndchance,jumpshot,1,7,,Caleb,Agada,Caleb,Agada,C,A,C,A,C. Agada,
03:23,03:23:00,46,55,-9,1,3,REGULAR,16,C. Agada,1,rebound,500,499,,offensive,0,7,,Caleb,Agada,Caleb,Agada,C,A,C,A,C. Agada,
03:27,03:27:00,46,55,-9,1,3,REGULAR,6,J. White,0,3pt,499,,,jumpshot,1,14,,Jack,White,Jack,White,J,W,J,W,J. White,
03:52,03:52:00,46,55,-9,2,3,REGULAR,12,J. Magette,1,assist,498,497,,,0,2,,Josh,Magette,Josh,Magette,J,M,J,M,J. Magette,
03:52,03:52:00,46,55,-9,2,3,REGULAR,11,J. Adams,1,3pt,497,,,jumpshot,1,14,,Josh,Adams,Josh,Adams,J,A,J,A,J. Adams,
04:06,04:06:00,46,52,-6,2,3,REGULAR,8,S. McDaniel,1,rebound,496,495,,defensive,0,30,,Sam,Mcdaniel,Sam,McDaniel,S,M,S,M,S. Mcdaniel,
04:08,04:08:00,46,52,-6,1,3,REGULAR,6,J. White,0,freethrow,495,,,2of2,1,14,,Jack,White,Jack,White,J,W,J,W,J. White,
04:08,04:08:00,46,52,-6,1,3,REGULAR,0,,1,rebound,493,492,,offensivedeadball,0,,,,,,,,,,,,
04:08,04:08:00,46,52,-6,1,3,REGULAR,6,J. White,0,freethrow,492,,,1of2,1,14,,Jack,White,Jack,White,J,W,J,W,J. White,
04:08,04:08:00,46,52,-6,1,3,REGULAR,6,J. White,1,foulon,491,490,,,0,14,,Jack,White,Jack,White,J,W,J,W,J. White,
04:08,04:08:00,46,52,-6,2,3,REGULAR,14,M. McIntosh,1,foul,490,,shooting,personal,0,0,2freethrow,Mikyle,Mcintosh,MiKyle,McIntosh,M,M,M,M,M. Mcintosh,
04:20,04:20:00,46,52,-6,1,3,REGULAR,13,M. Dellavedova,1,rebound,488,486,,defensive,0,8,,Matthew,Dellavedova,Matthew,Dellavedova,M,D,M,D,M. Dellavedova,
04:21,04:21:00,46,52,-6,2,3,REGULAR,8,S. McDaniel,0,freethrow,486,,,2of2,1,30,,Sam,Mcdaniel,Sam,McDaniel,S,M,S,M,S. Mcdaniel,
04:21,04:21:00,46,52,-6,2,3,REGULAR,0,,1,rebound,485,484,,offensivedeadball,0,,,,,,,,,,,,
04:21,04:21:00,46,52,-6,2,3,REGULAR,8,S. McDaniel,0,freethrow,484,,,1of2,1,30,,Sam,Mcdaniel,Sam,McDaniel,S,M,S,M,S. Mcdaniel,
04:21,04:21:00,46,52,-6,2,3,REGULAR,6,J. McVeigh,1,substitution,482,,,out,0,9,,Jack,Mcveigh,Jack,McVeigh,J,M,J,M,Jackmctrey1,
04:21,04:21:00,46,52,-6,2,3,REGULAR,14,M. McIntosh,1,substitution,483,,,in,0,0,,Mikyle,Mcintosh,MiKyle,McIntosh,M,M,M,M,M. Mcintosh,
04:21,04:21:00,46,52,-6,1,3,REGULAR,10,J. Lual-Acuil Jr,1,substitution,480,,,out,0,0,,Jo,Lual-Acuil Jr,Jo,Lual-Acuil Jr,J,L,J,L,J. Lual-Acuil Jr,
04:21,04:21:00,46,52,-6,1,3,REGULAR,14,A. Hukporti,1,substitution,481,,,in,0,15,,Ariel,Hukporti,Ariel,Hukporti,A,H,A,H,A. Hukporti,
04:21,04:21:00,46,52,-6,2,3,REGULAR,8,S. McDaniel,1,foulon,479,478,,,0,30,,Sam,Mcdaniel,Sam,McDaniel,S,M,S,M,S. Mcdaniel,
04:21,04:21:00,46,52,-6,1,3,REGULAR,13,M. Dellavedova,1,foul,478,,shooting,personal,0,8,2freethrow,Matthew,Dellavedova,Matthew,Dellavedova,M,D,M,D,M. Dellavedova,
04:31,04:31:00,46,52,-6,2,3,REGULAR,12,J. Magette,1,rebound,476,475,,defensive,0,2,,Josh,Magette,Josh,Magette,J,M,J,M,J. Magette,
04:34,04:34:00,46,52,-6,1,3,REGULAR,9,Y. Baba,0,3pt,475,,,jumpshot,1,18,,Yudai,Baba,Yudai,Baba,Y,B,Y,B,Y. Baba,
04:50,04:50:00,46,52,-6,2,3,REGULAR,12,J. Magette,1,assist,474,473,,,0,2,,Josh,Magette,Josh,Magette,J,M,J,M,J. Magette,
04:50,04:50:00,46,52,-6,2,3,REGULAR,11,J. Adams,1,3pt,473,,,jumpshot,1,14,,Josh,Adams,Josh,Adams,J,A,J,A,J. Adams,
05:07,05:07:00,46,49,-3,1,3,REGULAR,5,S. Ili,1,substitution,468,,,out,0,51,,Shea,Ili,Shea,Ili,S,I,S,I,Shili_,
05:07,05:07:00,46,49,-3,1,3,REGULAR,16,C. Agada,1,substitution,469,,,in,0,7,,Caleb,Agada,Caleb,Agada,C,A,C,A,C. Agada,
05:07,05:07:00,46,49,-3,2,3,REGULAR,4,J. Bairstow,1,foulon,467,466,,,0,21,,Jarred,Bairstow,Jarred,Bairstow,J,B,J,B,J. Bairstow,
05:07,05:07:00,46,49,-3,1,3,REGULAR,5,S. Ili,1,foul,466,,,personal,0,51,,Shea,Ili,Shea,Ili,S,I,S,I,Shili_,
05:07,05:07:00,46,49,-3,2,3,REGULAR,11,J. Adams,1,rebound,465,463,,defensive,0,14,,Josh,Adams,Josh,Adams,J,A,J,A,J. Adams,
05:09,05:09:00,46,49,-3,1,3,REGULAR,6,J. White,0,3pt,463,,,jumpshot,1,14,,Jack,White,Jack,White,J,W,J,W,J. White,
05:14,05:14:00,46,49,-3,1,3,REGULAR,10,J. Lual-Acuil Jr,1,rebound,462,460,,defensive,0,0,,Jo,Lual-Acuil Jr,Jo,Lual-Acuil Jr,J,L,J,L,J. Lual-Acuil Jr,
05:18,05:18:00,46,49,-3,1,3,REGULAR,6,J. White,1,block,461,460,,,0,14,,Jack,White,Jack,White,J,W,J,W,J. White,
05:18,05:18:00,46,49,-3,2,3,REGULAR,12,J. Magette,0,2pt,460,,pointsinthepaint,layup,1,2,blocked,Josh,Magette,Josh,Magette,J,M,J,M,J. Magette,
05:32,05:32:00,46,49,-3,2,3,REGULAR,3,M. Kenyon,1,substitution,457,,,out,0,1,,Matt,Kenyon,Matt,Kenyon,M,K,M,K,M. Kenyon,
05:32,05:32:00,46,49,-3,2,3,REGULAR,8,S. McDaniel,1,substitution,458,,,in,0,30,,Sam,Mcdaniel,Sam,McDaniel,S,M,S,M,S. Mcdaniel,
05:32,05:32:00,46,49,-3,2,3,REGULAR,0,,1,rebound,456,454,team,defensive,0,,,,,,,,,,,,
05:34,05:34:00,46,49,-3,1,3,REGULAR,5,S. Ili,0,2pt,454,,,jumpshot,1,51,,Shea,Ili,Shea,Ili,S,I,S,I,Shili_,
05:59,05:59:00,46,49,-3,2,3,REGULAR,11,J. Adams,1,2pt,453,,fromturnover,drivinglayup,1,14,pointsinthepaint,Josh,Adams,Josh,Adams,J,A,J,A,J. Adams,
06:18,06:18:00,46,47,-1,2,3,REGULAR,9,F. Krslovic,1,substitution,450,,,out,0,20,,Fabijan,Krslovic,Fabijan,Krslovic,F,K,F,K,F. Krslovic,
06:18,06:18:00,46,47,-1,2,3,REGULAR,4,J. Bairstow,1,substitution,451,,,in,0,21,,Jarred,Bairstow,Jarred,Bairstow,J,B,J,B,J. Bairstow,
06:18,06:18:00,46,47,-1,2,3,REGULAR,9,F. Krslovic,1,foulon,449,447,,,0,20,,Fabijan,Krslovic,Fabijan,Krslovic,F,K,F,K,F. Krslovic,
06:18,06:18:00,46,47,-1,1,3,REGULAR,13,M. Dellavedova,1,turnover,448,447,,offensive,0,8,,Matthew,Dellavedova,Matthew,Dellavedova,M,D,M,D,M. Dellavedova,
06:18,06:18:00,46,47,-1,1,3,REGULAR,13,M. Dellavedova,1,foul,447,,,offensive,0,8,,Matthew,Dellavedova,Matthew,Dellavedova,M,D,M,D,M. Dellavedova,
06:32,06:32:00,46,47,-1,2,3,REGULAR,11,J. Adams,1,2pt,445,,,pullupjumpshot,1,14,,Josh,Adams,Josh,Adams,J,A,J,A,J. Adams,
06:49,06:49:00,46,45,1,2,3,REGULAR,0,,1,timeout,443,,,full,0,,,,,,,,,,,,
06:49,06:49:00,46,45,1,1,3,REGULAR,5,S. Ili,1,assist,442,441,,,0,51,,Shea,Ili,Shea,Ili,S,I,S,I,Shili_,
06:49,06:49:00,46,45,1,1,3,REGULAR,10,J. Lual-Acuil Jr,1,2pt,441,,pointsinthepaint,dunk,1,0,,Jo,Lual-Acuil Jr,Jo,Lual-Acuil Jr,J,L,J,L,J. Lual-Acuil Jr,
06:57,06:57:00,44,45,-1,1,3,REGULAR,10,J. Lual-Acuil Jr,1,foulon,438,437,,,0,0,,Jo,Lual-Acuil Jr,Jo,Lual-Acuil Jr,J,L,J,L,J. Lual-Acuil Jr,
06:57,06:57:00,44,45,-1,2,3,REGULAR,3,M. Kenyon,1,foul,437,,,personal,0,1,,Matt,Kenyon,Matt,Kenyon,M,K,M,K,M. Kenyon,
06:57,06:57:00,44,45,-1,1,3,REGULAR,0,,1,rebound,436,435,team,defensive,0,,,,,,,,,,,,
06:57,06:57:00,44,45,-1,2,3,REGULAR,9,F. Krslovic,0,2pt,435,,pointsinthepaint,layup,1,20,,Fabijan,Krslovic,Fabijan,Krslovic,F,K,F,K,F. Krslovic,
07:06,07:06:00,44,45,-1,1,3,REGULAR,16,C. Agada,1,substitution,431,,,out,0,7,,Caleb,Agada,Caleb,Agada,C,A,C,A,C. Agada,
07:06,07:06:00,44,45,-1,1,3,REGULAR,9,Y. Baba,1,substitution,432,,,in,0,18,,Yudai,Baba,Yudai,Baba,Y,B,Y,B,Y. Baba,
07:06,07:06:00,44,45,-1,2,3,REGULAR,6,J. McVeigh,1,foulon,430,429,,,0,9,,Jack,Mcveigh,Jack,McVeigh,J,M,J,M,Jackmctrey1,
07:06,07:06:00,44,45,-1,1,3,REGULAR,16,C. Agada,1,foul,429,,,personal,0,7,,Caleb,Agada,Caleb,Agada,C,A,C,A,C. Agada,
07:25,07:25:00,44,45,-1,1,3,REGULAR,5,S. Ili,1,2pt,427,,pointsinthepaint,layup,1,51,fastbreak,Shea,Ili,Shea,Ili,S,I,S,I,Shili_,
07:33,07:33:00,42,45,-3,1,3,REGULAR,6,J. White,1,rebound,779,777,,defensive,0,14,,Jack,White,Jack,White,J,W,J,W,J. White,
07:33,07:33:00,42,45,-3,1,3,REGULAR,5,S. Ili,1,block,778,777,,,0,51,,Shea,Ili,Shea,Ili,S,I,S,I,Shili_,
07:33,07:33:00,42,45,-3,2,3,REGULAR,11,J. Adams,0,2pt,777,,pointsinthepaint,layup,1,14,blocked,Josh,Adams,Josh,Adams,J,A,J,A,J. Adams,
07:49,07:49:00,42,45,-3,1,3,REGULAR,16,C. Agada,1,2pt,424,,pointsinthepaint,turnaroundjumpshot,1,7,,Caleb,Agada,Caleb,Agada,C,A,C,A,C. Agada,
07:53,07:53:00,40,45,-5,1,3,REGULAR,10,J. Lual-Acuil Jr,1,rebound,423,421,,defensive,0,0,,Jo,Lual-Acuil Jr,Jo,Lual-Acuil Jr,J,L,J,L,J. Lual-Acuil Jr,
07:56,07:56:00,40,45,-5,1,3,REGULAR,10,J. Lual-Acuil Jr,1,block,422,421,,,0,0,,Jo,Lual-Acuil Jr,Jo,Lual-Acuil Jr,J,L,J,L,J. Lual-Acuil Jr,
07:56,07:56:00,40,45,-5,2,3,REGULAR,11,J. Adams,0,2pt,421,,pointsinthepaint,layup,1,14,blocked,Josh,Adams,Josh,Adams,J,A,J,A,J. Adams,
08:16,08:16:00,40,45,-5,2,3,REGULAR,3,M. Kenyon,1,rebound,420,419,,defensive,0,1,,Matt,Kenyon,Matt,Kenyon,M,K,M,K,M. Kenyon,
08:19,08:19:00,40,45,-5,1,3,REGULAR,13,M. Dellavedova,0,2pt,419,,pointsinthepaint,floatingjumpshot,1,8,,Matthew,Dellavedova,Matthew,Dellavedova,M,D,M,D,M. Dellavedova,
08:28,08:28:00,40,45,-5,1,3,REGULAR,10,J. Lual-Acuil Jr,1,foulon,417,416,,,0,0,,Jo,Lual-Acuil Jr,Jo,Lual-Acuil Jr,J,L,J,L,J. Lual-Acuil Jr,
08:28,08:28:00,40,45,-5,2,3,REGULAR,9,F. Krslovic,1,foul,416,,,personal,0,20,,Fabijan,Krslovic,Fabijan,Krslovic,F,K,F,K,F. Krslovic,
08:55,08:55:00,40,45,-5,1,3,REGULAR,0,,1,timeout,409,,,full,0,,,,,,,,,,,,
08:57,08:57:00,40,45,-5,2,3,REGULAR,12,J. Magette,1,assist,406,404,,,0,2,,Josh,Magette,Josh,Magette,J,M,J,M,J. Magette,
08:57,08:57:00,40,45,-5,2,3,REGULAR,6,J. McVeigh,1,3pt,404,,2ndchance,jumpshot,1,9,fromturnover,Jack,Mcveigh,Jack,McVeigh,J,M,J,M,Jackmctrey1,
09:08,09:08:00,40,42,-2,2,3,REGULAR,9,F. Krslovic,1,rebound,403,402,,offensive,0,20,,Fabijan,Krslovic,Fabijan,Krslovic,F,K,F,K,F. Krslovic,
09:10,09:10:00,40,42,-2,2,3,REGULAR,11,J. Adams,0,2pt,402,,2ndchance,jumpshot,1,14,fromturnover,Josh,Adams,Josh,Adams,J,A,J,A,J. Adams,
09:13,09:13:00,40,42,-2,2,3,REGULAR,3,M. Kenyon,1,foulon,400,399,,,0,1,,Matt,Kenyon,Matt,Kenyon,M,K,M,K,M. Kenyon,
09:13,09:13:00,40,42,-2,1,3,REGULAR,13,M. Dellavedova,1,foul,399,,,personal,0,8,,Matthew,Dellavedova,Matthew,Dellavedova,M,D,M,D,M. Dellavedova,
09:13,09:13:00,40,42,-2,2,3,REGULAR,0,,1,rebound,398,397,team,offensive,0,,,,,,,,,,,,
09:13,09:13:00,40,42,-2,2,3,REGULAR,11,J. Adams,0,3pt,397,,fromturnover,jumpshot,1,14,,Josh,Adams,Josh,Adams,J,A,J,A,J. Adams,
09:19,09:19:00,40,42,-2,2,3,REGULAR,11,J. Adams,1,steal,394,393,,,0,14,,Josh,Adams,Josh,Adams,J,A,J,A,J. Adams,
09:19,09:19:00,40,42,-2,1,3,REGULAR,10,J. Lual-Acuil Jr,1,turnover,393,,,ballhandling,0,0,,Jo,Lual-Acuil Jr,Jo,Lual-Acuil Jr,J,L,J,L,J. Lual-Acuil Jr,
09:36,09:36:00,40,42,-2,2,3,REGULAR,11,J. Adams,1,2pt,392,,fromturnover,drivinglayup,1,14,pointsinthepaint,Josh,Adams,Josh,Adams,J,A,J,A,J. Adams,fastbreak
09:43,09:43:00,40,40,0,2,3,REGULAR,6,J. McVeigh,1,steal,391,390,,,0,9,,Jack,Mcveigh,Jack,McVeigh,J,M,J,M,Jackmctrey1,
09:43,09:43:00,40,40,0,1,3,REGULAR,5,S. Ili,1,turnover,390,,,badpass,0,51,,Shea,Ili,Shea,Ili,S,I,S,I,Shili_,
09:45,09:45:00,40,40,0,1,3,REGULAR,6,J. White,1,rebound,389,388,,defensive,0,14,,Jack,White,Jack,White,J,W,J,W,J. White,
09:49,09:49:00,40,40,0,2,3,REGULAR,11,J. Adams,0,2pt,388,,,pullupjumpshot,1,14,,Josh,Adams,Josh,Adams,J,A,J,A,J. Adams,
10:00,10:00:00,40,40,0,0,3,REGULAR,0,,1,period,386,,,start,0,,,,,,,,,,,,
10:00,10:00:00,40,40,0,2,3,REGULAR,9,F. Krslovic,1,substitution,385,,,in,0,20,,Fabijan,Krslovic,Fabijan,Krslovic,F,K,F,K,F. Krslovic,
10:00,10:00:00,40,40,0,2,3,REGULAR,11,J. Adams,1,substitution,384,,,in,0,14,,Josh,Adams,Josh,Adams,J,A,J,A,J. Adams,
10:00,10:00:00,40,40,0,2,3,REGULAR,1,J. Weeks,1,substitution,382,,,out,0,97,,Jarrad,Weeks,Jarrad,Weeks,J,W,J,W,Weeksy_11,
10:00,10:00:00,40,40,0,2,3,REGULAR,3,M. Kenyon,1,substitution,383,,,in,0,1,,Matt,Kenyon,Matt,Kenyon,M,K,M,K,M. Kenyon,
10:00,10:00:00,40,40,0,2,3,REGULAR,4,J. Bairstow,1,substitution,380,,,out,0,21,,Jarred,Bairstow,Jarred,Bairstow,J,B,J,B,J. Bairstow,
10:00,10:00:00,40,40,0,2,3,REGULAR,2,C. Steindl,1,substitution,381,,,out,0,35,,Clint,Steindl,Clint,Steindl,C,S,C,S,C. Steindl,
10:00,10:00:00,40,40,0,1,3,REGULAR,6,J. White,1,substitution,379,,,in,0,14,,Jack,White,Jack,White,J,W,J,W,J. White,
10:00,10:00:00,40,40,0,1,3,REGULAR,16,C. Agada,1,substitution,378,,,in,0,7,,Caleb,Agada,Caleb,Agada,C,A,C,A,C. Agada,
10:00,10:00:00,40,40,0,1,3,REGULAR,2,B. Newley,1,substitution,376,,,out,0,4,,Brad,Newley,Brad,Newley,B,N,B,N,B. Newley,
10:00,10:00:00,40,40,0,1,3,REGULAR,11,M. Peatling,1,substitution,377,,,out,0,22,,Mason,Peatling,Mason,Peatling,M,P,M,P,M. Peatling,
00:00,00:00:00,40,40,0,0,2,REGULAR,0,,1,period,375,,confirmed,end,0,,,,,,,,,,,,
00:02,00:02:40,40,40,0,1,2,REGULAR,13,M. Dellavedova,0,3pt,371,,,jumpshot,1,8,,Matthew,Dellavedova,Matthew,Dellavedova,M,D,M,D,M. Dellavedova,
00:23,00:23:90,40,40,0,2,2,REGULAR,12,J. Magette,1,assist,370,369,,,0,2,,Josh,Magette,Josh,Magette,J,M,J,M,J. Magette,
00:23,00:23:90,40,40,0,2,2,REGULAR,6,J. McVeigh,1,2pt,369,,pointsinthepaint,layup,1,9,,Jack,Mcveigh,Jack,McVeigh,J,M,J,M,Jackmctrey1,
00:49,00:49:90,40,38,2,1,2,REGULAR,11,M. Peatling,1,assist,366,365,,,0,22,,Mason,Peatling,Mason,Peatling,M,P,M,P,M. Peatling,
00:49,00:49:90,40,38,2,1,2,REGULAR,13,M. Dellavedova,1,3pt,365,,2ndchance,jumpshot,1,8,fromturnover,Matthew,Dellavedova,Matthew,Dellavedova,M,D,M,D,M. Dellavedova,
00:50,00:50:40,37,38,-1,1,2,REGULAR,11,M. Peatling,1,rebound,364,363,,offensive,0,22,,Mason,Peatling,Mason,Peatling,M,P,M,P,M. Peatling,
00:55,00:55:00,37,38,-1,1,2,REGULAR,5,S. Ili,0,3pt,363,,fromturnover,jumpshot,1,51,,Shea,Ili,Shea,Ili,S,I,S,I,Shili_,
01:06,01:06:00,37,38,-1,2,2,REGULAR,11,J. Adams,1,substitution,360,,,out,0,14,,Josh,Adams,Josh,Adams,J,A,J,A,J. Adams,
01:06,01:06:00,37,38,-1,2,2,REGULAR,2,C. Steindl,1,substitution,361,,,in,0,35,,Clint,Steindl,Clint,Steindl,C,S,C,S,C. Steindl,
01:06,01:06:00,37,38,-1,1,2,REGULAR,14,A. Hukporti,1,substitution,358,,,out,0,15,,Ariel,Hukporti,Ariel,Hukporti,A,H,A,H,A. Hukporti,
01:06,01:06:00,37,38,-1,1,2,REGULAR,10,J. Lual-Acuil Jr,1,substitution,359,,,in,0,0,,Jo,Lual-Acuil Jr,Jo,Lual-Acuil Jr,J,L,J,L,J. Lual-Acuil Jr,
01:06,01:06:00,37,38,-1,1,2,REGULAR,5,S. Ili,1,foulon,357,355,,,0,51,,Shea,Ili,Shea,Ili,S,I,S,I,Shili_,
01:06,01:06:00,37,38,-1,2,2,REGULAR,11,J. Adams,1,turnover,356,355,,offensive,0,14,,Josh,Adams,Josh,Adams,J,A,J,A,J. Adams,
01:06,01:06:00,37,38,-1,2,2,REGULAR,11,J. Adams,1,foul,355,,,offensive,0,14,,Josh,Adams,Josh,Adams,J,A,J,A,J. Adams,
01:31,01:31:00,37,38,-1,1,2,REGULAR,13,M. Dellavedova,1,assist,353,352,,,0,8,,Matthew,Dellavedova,Matthew,Dellavedova,M,D,M,D,M. Dellavedova,
01:31,01:31:00,37,38,-1,1,2,REGULAR,5,S. Ili,1,3pt,352,,,jumpshot,1,51,,Shea,Ili,Shea,Ili,S,I,S,I,Shili_,
01:43,01:43:00,34,38,-4,2,2,REGULAR,12,J. Magette,1,assist,351,350,,,0,2,,Josh,Magette,Josh,Magette,J,M,J,M,J. Magette,
01:43,01:43:00,34,38,-4,2,2,REGULAR,6,J. McVeigh,1,3pt,350,,,jumpshot,1,9,,Jack,Mcveigh,Jack,McVeigh,J,M,J,M,Jackmctrey1,
01:55,01:55:00,34,35,-1,2,2,REGULAR,1,J. Weeks,1,rebound,349,348,,defensive,0,97,,Jarrad,Weeks,Jarrad,Weeks,J,W,J,W,Weeksy_11,
01:58,01:58:00,34,35,-1,1,2,REGULAR,14,A. Hukporti,0,2pt,348,,pointsinthepaint,floatingjumpshot,1,15,,Ariel,Hukporti,Ariel,Hukporti,A,H,A,H,A. Hukporti,
02:14,02:14:00,34,35,-1,1,2,REGULAR,14,A. Hukporti,1,rebound,347,346,,defensive,0,15,,Ariel,Hukporti,Ariel,Hukporti,A,H,A,H,A. Hukporti,
02:15,02:15:00,34,35,-1,2,2,REGULAR,11,J. Adams,0,freethrow,346,,,1of1,1,14,,Josh,Adams,Josh,Adams,J,A,J,A,J. Adams,
02:15,02:15:00,34,35,-1,2,2,REGULAR,8,S. McDaniel,1,substitution,343,,,out,0,30,,Sam,Mcdaniel,Sam,McDaniel,S,M,S,M,S. Mcdaniel,
02:15,02:15:00,34,35,-1,2,2,REGULAR,1,J. Weeks,1,substitution,344,,,in,0,97,,Jarrad,Weeks,Jarrad,Weeks,J,W,J,W,Weeksy_11,
02:15,02:15:00,34,35,-1,1,2,REGULAR,11,M. Peatling,1,substitution,342,,,in,0,22,,Mason,Peatling,Mason,Peatling,M,P,M,P,M. Peatling,
02:15,02:15:00,34,35,-1,1,2,REGULAR,13,M. Dellavedova,1,substitution,341,,,in,0,8,,Matthew,Dellavedova,Matthew,Dellavedova,M,D,M,D,M. Dellavedova,
02:15,02:15:00,34,35,-1,1,2,REGULAR,9,Y. Baba,1,substitution,339,,,out,0,18,,Yudai,Baba,Yudai,Baba,Y,B,Y,B,Y. Baba,
02:15,02:15:00,34,35,-1,1,2,REGULAR,1,D. Barlow,1,substitution,340,,,out,0,20,,David,Barlow,David,Barlow,D,B,D,B,Davidbarlow,
02:15,02:15:00,34,35,-1,2,2,REGULAR,11,J. Adams,1,foulon,338,337,,,0,14,,Josh,Adams,Josh,Adams,J,A,J,A,J. Adams,
02:15,02:15:00,34,35,-1,1,2,REGULAR,14,A. Hukporti,1,foul,337,,shooting,personal,0,15,1freethrow,Ariel,Hukporti,Ariel,Hukporti,A,H,A,H,A. Hukporti,
02:15,02:15:00,34,35,-1,2,2,REGULAR,11,J. Adams,1,2pt,336,,pointsinthepaint,drivinglayup,1,14,,Josh,Adams,Josh,Adams,J,A,J,A,J. Adams,
02:20,02:20:00,34,33,1,2,2,REGULAR,8,S. McDaniel,1,rebound,334,333,,defensive,0,30,,Sam,Mcdaniel,Sam,McDaniel,S,M,S,M,S. Mcdaniel,
02:25,02:25:00,34,33,1,1,2,REGULAR,1,D. Barlow,0,3pt,333,,,jumpshot,1,20,,David,Barlow,David,Barlow,D,B,D,B,Davidbarlow,
02:38,02:38:00,34,33,1,2,2,REGULAR,11,J. Adams,1,2pt,332,,pointsinthepaint,layup,1,14,,Josh,Adams,Josh,Adams,J,A,J,A,J. Adams,
02:59,02:59:00,34,31,3,1,2,REGULAR,14,A. Hukporti,1,assist,331,330,,,0,15,,Ariel,Hukporti,Ariel,Hukporti,A,H,A,H,A. Hukporti,
02:59,02:59:00,34,31,3,1,2,REGULAR,9,Y. Baba,1,2pt,330,,fastbreak,pullupjumpshot,1,18,,Yudai,Baba,Yudai,Baba,Y,B,Y,B,Y. Baba,
02:59,02:59:00,32,31,1,1,2,REGULAR,14,A. Hukporti,1,rebound,329,328,,defensive,0,15,,Ariel,Hukporti,Ariel,Hukporti,A,H,A,H,A. Hukporti,
03:05,03:05:00,32,31,1,2,2,REGULAR,4,J. Bairstow,0,2pt,328,,pointsinthepaint,fadeaway,1,21,,Jarred,Bairstow,Jarred,Bairstow,J,B,J,B,J. Bairstow,
03:29,03:29:00,32,31,1,2,2,REGULAR,6,J. McVeigh,1,rebound,327,325,,defensive,0,9,,Jack,Mcveigh,Jack,McVeigh,J,M,J,M,Jackmctrey1,
03:30,03:30:00,32,31,1,1,2,REGULAR,14,A. Hukporti,0,freethrow,325,,,2of2,1,15,,Ariel,Hukporti,Ariel,Hukporti,A,H,A,H,A. Hukporti,
03:30,03:30:00,32,31,1,1,2,REGULAR,14,A. Hukporti,1,freethrow,324,,,1of2,1,15,,Ariel,Hukporti,Ariel,Hukporti,A,H,A,H,A. Hukporti,
03:30,03:30:00,31,31,0,1,2,REGULAR,14,A. Hukporti,1,foulon,323,322,,,0,15,,Ariel,Hukporti,Ariel,Hukporti,A,H,A,H,A. Hukporti,
03:30,03:30:00,31,31,0,2,2,REGULAR,8,S. McDaniel,1,foul,322,,shooting,personal,0,30,2freethrow,Sam,Mcdaniel,Sam,McDaniel,S,M,S,M,S. Mcdaniel,
03:48,03:48:00,31,31,0,2,2,REGULAR,11,J. Adams,1,freethrow,318,,fromturnover,2of2,1,14,,Josh,Adams,Josh,Adams,J,A,J,A,J. Adams,
03:48,03:48:00,31,30,1,2,2,REGULAR,11,J. Adams,1,freethrow,317,,fromturnover,1of2,1,14,,Josh,Adams,Josh,Adams,J,A,J,A,J. Adams,
03:48,03:48:00,31,29,2,2,2,REGULAR,8,S. McDaniel,1,substitution,316,,,in,0,30,,Sam,Mcdaniel,Sam,McDaniel,S,M,S,M,S. Mcdaniel,
03:48,03:48:00,31,29,2,2,2,REGULAR,4,J. Bairstow,1,substitution,315,,,in,0,21,,Jarred,Bairstow,Jarred,Bairstow,J,B,J,B,J. Bairstow,
03:48,03:48:00,31,29,2,2,2,REGULAR,9,F. Krslovic,1,substitution,313,,,out,0,20,,Fabijan,Krslovic,Fabijan,Krslovic,F,K,F,K,F. Krslovic,
03:48,03:48:00,31,29,2,2,2,REGULAR,2,C. Steindl,1,substitution,314,,,out,0,35,,Clint,Steindl,Clint,Steindl,C,S,C,S,C. Steindl,
03:48,03:48:00,31,29,2,1,2,REGULAR,14,A. Hukporti,1,substitution,312,,,in,0,15,,Ariel,Hukporti,Ariel,Hukporti,A,H,A,H,A. Hukporti,
03:48,03:48:00,31,29,2,1,2,REGULAR,2,B. Newley,1,substitution,311,,,in,0,4,,Brad,Newley,Brad,Newley,B,N,B,N,B. Newley,
03:48,03:48:00,31,29,2,1,2,REGULAR,10,J. Lual-Acuil Jr,1,substitution,309,,,out,0,0,,Jo,Lual-Acuil Jr,Jo,Lual-Acuil Jr,J,L,J,L,J. Lual-Acuil Jr,
03:48,03:48:00,31,29,2,1,2,REGULAR,16,C. Agada,1,substitution,310,,,out,0,7,,Caleb,Agada,Caleb,Agada,C,A,C,A,C. Agada,
03:48,03:48:00,31,29,2,2,2,REGULAR,11,J. Adams,1,foulon,308,307,,,0,14,,Josh,Adams,Josh,Adams,J,A,J,A,J. Adams,
03:48,03:48:00,31,29,2,1,2,REGULAR,10,J. Lual-Acuil Jr,1,foul,307,,shooting,personal,0,0,2freethrow,Jo,Lual-Acuil Jr,Jo,Lual-Acuil Jr,J,L,J,L,J. Lual-Acuil Jr,
04:06,04:06:00,31,29,2,2,2,REGULAR,9,F. Krslovic,1,steal,305,304,,,0,20,,Fabijan,Krslovic,Fabijan,Krslovic,F,K,F,K,F. Krslovic,
04:06,04:06:00,31,29,2,1,2,REGULAR,5,S. Ili,1,turnover,304,,,badpass,0,51,,Shea,Ili,Shea,Ili,S,I,S,I,Shili_,
04:14,04:14:00,31,29,2,1,2,REGULAR,9,Y. Baba,1,rebound,303,302,,defensive,0,18,,Yudai,Baba,Yudai,Baba,Y,B,Y,B,Y. Baba,
04:18,04:18:00,31,29,2,2,2,REGULAR,11,J. Adams,0,3pt,302,,,stepbackjumpshot,1,14,,Josh,Adams,Josh,Adams,J,A,J,A,J. Adams,
04:29,04:29:00,31,29,2,2,2,REGULAR,12,J. Magette,1,rebound,301,300,,defensive,0,2,,Josh,Magette,Josh,Magette,J,M,J,M,J. Magette,
04:31,04:31:00,31,29,2,1,2,REGULAR,16,C. Agada,0,2pt,300,,pointsinthepaint,drivinglayup,1,7,,Caleb,Agada,Caleb,Agada,C,A,C,A,C. Agada,
04:46,04:46:00,31,29,2,2,2,REGULAR,6,J. McVeigh,1,freethrow,298,,2ndchance,2of2,1,9,,Jack,Mcveigh,Jack,McVeigh,J,M,J,M,Jackmctrey1,
04:46,04:46:00,31,28,3,2,2,REGULAR,6,J. McVeigh,1,freethrow,297,,2ndchance,1of2,1,9,,Jack,Mcveigh,Jack,McVeigh,J,M,J,M,Jackmctrey1,
04:46,04:46:00,31,27,4,2,2,REGULAR,6,J. McVeigh,1,foulon,296,295,,,0,9,,Jack,Mcveigh,Jack,McVeigh,J,M,J,M,Jackmctrey1,
04:46,04:46:00,31,27,4,1,2,REGULAR,1,D. Barlow,1,foul,295,,2freethrow,personal,0,20,,David,Barlow,David,Barlow,D,B,D,B,Davidbarlow,
04:46,04:46:00,31,27,4,1,2,REGULAR,5,S. Ili,1,substitution,294,,,in,0,51,,Shea,Ili,Shea,Ili,S,I,S,I,Shili_,
04:46,04:46:00,31,27,4,1,2,REGULAR,1,D. Barlow,1,substitution,293,,,in,0,20,,David,Barlow,David,Barlow,D,B,D,B,Davidbarlow,
04:46,04:46:00,31,27,4,1,2,REGULAR,13,M. Dellavedova,1,substitution,291,,,out,0,8,,Matthew,Dellavedova,Matthew,Dellavedova,M,D,M,D,M. Dellavedova,
04:46,04:46:00,31,27,4,1,2,REGULAR,6,J. White,1,substitution,292,,,out,0,14,,Jack,White,Jack,White,J,W,J,W,J. White,
04:46,04:46:00,31,27,4,2,2,REGULAR,9,F. Krslovic,1,foulon,290,289,,,0,20,,Fabijan,Krslovic,Fabijan,Krslovic,F,K,F,K,F. Krslovic,
04:46,04:46:00,31,27,4,1,2,REGULAR,16,C. Agada,1,foul,289,,,personal,0,7,,Caleb,Agada,Caleb,Agada,C,A,C,A,C. Agada,
04:46,04:46:00,31,27,4,2,2,REGULAR,0,,1,rebound,288,287,team,offensive,0,,,,,,,,,,,,
04:46,04:46:00,31,27,4,2,2,REGULAR,6,J. McVeigh,0,2pt,287,,pointsinthepaint,floatingjumpshot,1,9,,Jack,Mcveigh,Jack,McVeigh,J,M,J,M,Jackmctrey1,
05:10,05:10:00,31,27,4,1,2,REGULAR,16,C. Agada,1,2pt,285,,pointsinthepaint,layup,1,7,,Caleb,Agada,Caleb,Agada,C,A,C,A,C. Agada,
05:24,05:24:00,29,27,2,2,2,REGULAR,11,J. Adams,1,2pt,284,,fromturnover,drivinglayup,1,14,pointsinthepaint,Josh,Adams,Josh,Adams,J,A,J,A,J. Adams,
05:45,05:45:00,29,25,4,1,2,REGULAR,16,C. Agada,1,turnover,282,,,outofbounds,0,7,,Caleb,Agada,Caleb,Agada,C,A,C,A,C. Agada,
05:50,05:50:00,29,25,4,1,2,REGULAR,6,J. White,1,rebound,280,279,,defensive,0,14,,Jack,White,Jack,White,J,W,J,W,J. White,
05:53,05:53:00,29,25,4,2,2,REGULAR,11,J. Adams,0,3pt,279,,fromturnover,jumpshot,1,14,,Josh,Adams,Josh,Adams,J,A,J,A,J. Adams,
06:17,06:17:00,29,25,4,1,2,REGULAR,10,J. Lual-Acuil Jr,1,turnover,277,,,badpass,0,0,,Jo,Lual-Acuil Jr,Jo,Lual-Acuil Jr,J,L,J,L,J. Lual-Acuil Jr,
06:19,06:19:00,29,25,4,1,2,REGULAR,0,,1,rebound,272,271,team,offensive,0,,,,,,,,,,,,
06:19,06:19:00,29,25,4,1,2,REGULAR,9,Y. Baba,0,2pt,271,,pointsinthepaint,drivinglayup,1,18,,Yudai,Baba,Yudai,Baba,Y,B,Y,B,Y. Baba,
06:22,06:22:00,29,25,4,1,2,REGULAR,9,Y. Baba,1,rebound,269,268,,defensive,0,18,,Yudai,Baba,Yudai,Baba,Y,B,Y,B,Y. Baba,
06:26,06:26:00,29,25,4,2,2,REGULAR,12,J. Magette,0,2pt,268,,pointsinthepaint,pullupjumpshot,1,2,,Josh,Magette,Josh,Magette,J,M,J,M,J. Magette,
06:35,06:35:00,29,25,4,2,2,REGULAR,9,F. Krslovic,1,rebound,267,266,,defensive,0,20,,Fabijan,Krslovic,Fabijan,Krslovic,F,K,F,K,F. Krslovic,
06:39,06:39:00,29,25,4,1,2,REGULAR,16,C. Agada,0,3pt,266,,,jumpshot,1,7,,Caleb,Agada,Caleb,Agada,C,A,C,A,C. Agada,
06:52,06:52:00,29,25,4,1,2,REGULAR,6,J. White,1,rebound,265,263,,defensive,0,14,,Jack,White,Jack,White,J,W,J,W,J. White,
06:53,06:53:00,29,25,4,2,2,REGULAR,11,J. Adams,0,freethrow,263,,,2of2,1,14,,Josh,Adams,Josh,Adams,J,A,J,A,J. Adams,
06:53,06:53:00,29,25,4,2,2,REGULAR,11,J. Adams,1,freethrow,262,,,1of2,1,14,,Josh,Adams,Josh,Adams,J,A,J,A,J. Adams,
06:53,06:53:00,29,24,5,2,2,REGULAR,8,S. McDaniel,1,substitution,260,,,out,0,30,,Sam,Mcdaniel,Sam,McDaniel,S,M,S,M,S. Mcdaniel,
06:53,06:53:00,29,24,5,2,2,REGULAR,2,C. Steindl,1,substitution,261,,,in,0,35,,Clint,Steindl,Clint,Steindl,C,S,C,S,C. Steindl,
06:53,06:53:00,29,24,5,2,2,REGULAR,11,J. Adams,1,foulon,259,258,,,0,14,,Josh,Adams,Josh,Adams,J,A,J,A,J. Adams,
06:53,06:53:00,29,24,5,1,2,REGULAR,6,J. White,1,foul,258,,shooting,personal,0,14,2freethrow,Jack,White,Jack,White,J,W,J,W,J. White,
07:13,07:13:00,29,24,5,2,2,REGULAR,0,,1,timeout,254,,,full,0,,,,,,,,,,,,
07:19,07:19:00,29,24,5,1,2,REGULAR,13,M. Dellavedova,1,assist,255,250,,,0,8,,Matthew,Dellavedova,Matthew,Dellavedova,M,D,M,D,M. Dellavedova,
07:19,07:19:00,29,24,5,1,2,REGULAR,10,J. Lual-Acuil Jr,1,2pt,250,,pointsinthepaint,dunk,1,0,,Jo,Lual-Acuil Jr,Jo,Lual-Acuil Jr,J,L,J,L,J. Lual-Acuil Jr,
07:27,07:27:00,27,24,3,1,2,REGULAR,13,M. Dellavedova,1,rebound,249,248,,defensive,0,8,,Matthew,Dellavedova,Matthew,Dellavedova,M,D,M,D,M. Dellavedova,
07:29,07:29:00,27,24,3,2,2,REGULAR,6,J. McVeigh,0,2pt,248,,2ndchance,hookshot,1,9,pointsinthepaint,Jack,Mcveigh,Jack,McVeigh,J,M,J,M,Jackmctrey1,
07:36,07:36:00,27,24,3,2,2,REGULAR,11,J. Adams,1,substitution,246,,,in,0,14,,Josh,Adams,Josh,Adams,J,A,J,A,J. Adams,
07:36,07:36:00,27,24,3,2,2,REGULAR,12,J. Magette,1,substitution,245,,,in,0,2,,Josh,Magette,Josh,Magette,J,M,J,M,J. Magette,
07:36,07:36:00,27,24,3,2,2,REGULAR,2,C. Steindl,1,substitution,243,,,out,0,35,,Clint,Steindl,Clint,Steindl,C,S,C,S,C. Steindl,
07:36,07:36:00,27,24,3,2,2,REGULAR,1,J. Weeks,1,substitution,244,,,out,0,97,,Jarrad,Weeks,Jarrad,Weeks,J,W,J,W,Weeksy_11,
07:36,07:36:00,27,24,3,1,2,REGULAR,5,S. Ili,1,substitution,241,,,out,0,51,,Shea,Ili,Shea,Ili,S,I,S,I,Shili_,
07:36,07:36:00,27,24,3,1,2,REGULAR,9,Y. Baba,1,substitution,242,,,in,0,18,,Yudai,Baba,Yudai,Baba,Y,B,Y,B,Y. Baba,
07:36,07:36:00,27,24,3,2,2,REGULAR,2,C. Steindl,1,foulon,240,239,,,0,35,,Clint,Steindl,Clint,Steindl,C,S,C,S,C. Steindl,
07:36,07:36:00,27,24,3,1,2,REGULAR,16,C. Agada,1,foul,239,,,personal,0,7,,Caleb,Agada,Caleb,Agada,C,A,C,A,C. Agada,
07:36,07:36:00,27,24,3,2,2,REGULAR,0,,1,rebound,238,237,team,offensive,0,,,,,,,,,,,,
07:36,07:36:00,27,24,3,2,2,REGULAR,9,F. Krslovic,0,3pt,237,,,jumpshot,1,20,,Fabijan,Krslovic,Fabijan,Krslovic,F,K,F,K,F. Krslovic,
07:55,07:55:00,27,24,3,1,2,REGULAR,6,J. White,1,2pt,235,,pointsinthepaint,drivinglayup,1,14,,Jack,White,Jack,White,J,W,J,W,J. White,
08:00,08:00:00,25,24,1,1,2,REGULAR,10,J. Lual-Acuil Jr,1,foulon,233,232,,,0,0,,Jo,Lual-Acuil Jr,Jo,Lual-Acuil Jr,J,L,J,L,J. Lual-Acuil Jr,
08:00,08:00:00,25,24,1,2,2,REGULAR,8,S. McDaniel,1,foul,232,,,personal,0,30,,Sam,Mcdaniel,Sam,McDaniel,S,M,S,M,S. Mcdaniel,
08:12,08:12:00,25,24,1,1,2,REGULAR,0,,1,timeout,227,,,full,0,,,,,,,,,,,,
08:15,08:15:00,25,24,1,2,2,REGULAR,2,C. Steindl,1,assist,226,224,,,0,35,,Clint,Steindl,Clint,Steindl,C,S,C,S,C. Steindl,
08:15,08:15:00,25,24,1,2,2,REGULAR,1,J. Weeks,1,3pt,224,,fromturnover,jumpshot,1,97,,Jarrad,Weeks,Jarrad,Weeks,J,W,J,W,Weeksy_11,
08:33,08:33:00,25,21,4,2,2,REGULAR,8,S. McDaniel,1,steal,223,222,,,0,30,,Sam,Mcdaniel,Sam,McDaniel,S,M,S,M,S. Mcdaniel,
08:33,08:33:00,25,21,4,1,2,REGULAR,6,J. White,1,turnover,222,,,badpass,0,14,,Jack,White,Jack,White,J,W,J,W,J. White,
08:37,08:37:00,25,21,4,2,2,REGULAR,1,J. Weeks,1,turnover,219,,,ballhandling,0,97,,Jarrad,Weeks,Jarrad,Weeks,J,W,J,W,Weeksy_11,
08:40,08:40:00,25,21,4,2,2,REGULAR,1,J. Weeks,1,steal,217,216,,,0,97,,Jarrad,Weeks,Jarrad,Weeks,J,W,J,W,Weeksy_11,
08:40,08:40:00,25,21,4,1,2,REGULAR,10,J. Lual-Acuil Jr,1,turnover,216,,,ballhandling,0,0,,Jo,Lual-Acuil Jr,Jo,Lual-Acuil Jr,J,L,J,L,J. Lual-Acuil Jr,
08:58,08:58:00,25,21,4,2,2,REGULAR,14,M. McIntosh,1,substitution,213,,,out,0,0,,Mikyle,Mcintosh,MiKyle,McIntosh,M,M,M,M,M. Mcintosh,
08:58,08:58:00,25,21,4,2,2,REGULAR,9,F. Krslovic,1,substitution,214,,,in,0,20,,Fabijan,Krslovic,Fabijan,Krslovic,F,K,F,K,F. Krslovic,
08:58,08:58:00,25,21,4,1,2,REGULAR,10,J. Lual-Acuil Jr,1,foulon,212,210,,,0,0,,Jo,Lual-Acuil Jr,Jo,Lual-Acuil Jr,J,L,J,L,J. Lual-Acuil Jr,
08:58,08:58:00,25,21,4,2,2,REGULAR,14,M. McIntosh,1,turnover,211,210,,offensive,0,0,,Mikyle,Mcintosh,MiKyle,McIntosh,M,M,M,M,M. Mcintosh,
08:58,08:58:00,25,21,4,2,2,REGULAR,14,M. McIntosh,1,foul,210,,,offensive,0,0,,Mikyle,Mcintosh,MiKyle,McIntosh,M,M,M,M,M. Mcintosh,
09:03,09:03:00,25,21,4,2,2,REGULAR,4,J. Bairstow,1,substitution,206,,,out,0,21,,Jarred,Bairstow,Jarred,Bairstow,J,B,J,B,J. Bairstow,
09:03,09:03:00,25,21,4,2,2,REGULAR,6,J. McVeigh,1,substitution,207,,,in,0,9,,Jack,Mcveigh,Jack,McVeigh,J,M,J,M,Jackmctrey1,
09:03,09:03:00,25,21,4,2,2,REGULAR,4,J. Bairstow,1,foulon,205,204,,,0,21,,Jarred,Bairstow,Jarred,Bairstow,J,B,J,B,J. Bairstow,
09:03,09:03:00,25,21,4,1,2,REGULAR,6,J. White,1,foul,204,,,personal,0,14,,Jack,White,Jack,White,J,W,J,W,J. White,
09:13,09:13:00,25,21,4,2,2,REGULAR,14,M. McIntosh,1,rebound,202,201,,defensive,0,0,,Mikyle,Mcintosh,MiKyle,McIntosh,M,M,M,M,M. Mcintosh,
09:16,09:16:00,25,21,4,1,2,REGULAR,13,M. Dellavedova,0,3pt,201,,,jumpshot,1,8,,Matthew,Dellavedova,Matthew,Dellavedova,M,D,M,D,M. Dellavedova,
09:19,09:19:00,25,21,4,1,2,REGULAR,5,S. Ili,1,rebound,200,199,,defensive,0,51,,Shea,Ili,Shea,Ili,S,I,S,I,Shili_,
09:22,09:22:00,25,21,4,2,2,REGULAR,1,J. Weeks,0,2pt,199,,pointsinthepaint,layup,1,97,,Jarrad,Weeks,Jarrad,Weeks,J,W,J,W,Weeksy_11,
09:40,09:40:00,25,21,4,2,2,REGULAR,1,J. Weeks,1,rebound,198,197,,defensive,0,97,,Jarrad,Weeks,Jarrad,Weeks,J,W,J,W,Weeksy_11,
09:44,09:44:00,25,21,4,1,2,REGULAR,10,J. Lual-Acuil Jr,0,2pt,197,,,pullupjumpshot,1,0,,Jo,Lual-Acuil Jr,Jo,Lual-Acuil Jr,J,L,J,L,J. Lual-Acuil Jr,
10:00,10:00:00,25,21,4,0,2,REGULAR,0,,1,period,195,,,start,0,,,,,,,,,,,,
10:00,10:00:00,25,21,4,1,2,REGULAR,14,A. Hukporti,1,substitution,193,,,out,0,15,,Ariel,Hukporti,Ariel,Hukporti,A,H,A,H,A. Hukporti,
10:00,10:00:00,25,21,4,1,2,REGULAR,10,J. Lual-Acuil Jr,1,substitution,194,,,in,0,0,,Jo,Lual-Acuil Jr,Jo,Lual-Acuil Jr,J,L,J,L,J. Lual-Acuil Jr,
00:00,00:00:00,25,21,4,0,1,REGULAR,0,,1,period,192,,confirmed,end,0,,,,,,,,,,,,
00:00,00:00:90,25,21,4,1,1,REGULAR,6,J. White,0,3pt,191,,,jumpshot,1,14,,Jack,White,Jack,White,J,W,J,W,J. White,
00:01,00:01:50,25,21,4,1,1,REGULAR,6,J. White,1,rebound,188,187,,defensive,0,14,,Jack,White,Jack,White,J,W,J,W,J. White,
00:05,00:05:70,25,21,4,2,1,REGULAR,14,M. McIntosh,0,2pt,187,,,stepbackjumpshot,1,0,,Mikyle,Mcintosh,MiKyle,McIntosh,M,M,M,M,M. Mcintosh,
00:23,00:23:10,25,21,4,1,1,REGULAR,6,J. White,1,2pt,186,,2ndchance,layup,1,14,pointsinthepaint,Jack,White,Jack,White,J,W,J,W,J. White,
00:23,00:23:10,23,21,2,1,1,REGULAR,6,J. White,1,rebound,185,184,,offensive,0,14,,Jack,White,Jack,White,J,W,J,W,J. White,
00:26,00:26:00,23,21,2,1,1,REGULAR,16,C. Agada,0,2pt,184,,pointsinthepaint,layup,1,7,,Caleb,Agada,Caleb,Agada,C,A,C,A,C. Agada,
00:40,00:40:90,23,21,2,2,1,REGULAR,14,M. McIntosh,1,2pt,183,,pointsinthepaint,drivinglayup,1,0,,Mikyle,Mcintosh,MiKyle,McIntosh,M,M,M,M,M. Mcintosh,
00:49,00:49:30,23,19,4,1,1,REGULAR,5,S. Ili,1,2pt,182,,fromturnover,layup,1,51,pointsinthepaint,Shea,Ili,Shea,Ili,S,I,S,I,Shili_,
00:55,00:55:70,21,19,2,1,1,REGULAR,2,B. Newley,1,substitution,179,,,out,0,4,,Brad,Newley,Brad,Newley,B,N,B,N,B. Newley,
00:55,00:55:70,21,19,2,1,1,REGULAR,13,M. Dellavedova,1,substitution,180,,,in,0,8,,Matthew,Dellavedova,Matthew,Dellavedova,M,D,M,D,M. Dellavedova,
00:55,00:55:70,21,19,2,2,1,REGULAR,1,J. Weeks,1,turnover,178,,,badpass,0,97,,Jarrad,Weeks,Jarrad,Weeks,J,W,J,W,Weeksy_11,
01:10,01:10:00,21,19,2,1,1,REGULAR,16,C. Agada,1,2pt,176,,2ndchance,layup,1,7,pointsinthepaint,Caleb,Agada,Caleb,Agada,C,A,C,A,C. Agada,
01:11,01:11:00,19,19,0,1,1,REGULAR,16,C. Agada,1,rebound,175,174,,offensive,0,7,,Caleb,Agada,Caleb,Agada,C,A,C,A,C. Agada,
01:14,01:14:00,19,19,0,1,1,REGULAR,2,B. Newley,0,3pt,174,,2ndchance,jumpshot,1,4,,Brad,Newley,Brad,Newley,B,N,B,N,B. Newley,
01:16,01:16:00,19,19,0,1,1,REGULAR,6,J. White,1,rebound,173,171,,offensive,0,14,,Jack,White,Jack,White,J,W,J,W,J. White,
01:16,01:16:00,19,19,0,1,1,REGULAR,2,B. Newley,0,freethrow,171,,,2of2,1,4,,Brad,Newley,Brad,Newley,B,N,B,N,B. Newley,
01:16,01:16:00,19,19,0,1,1,REGULAR,0,,1,rebound,170,169,,offensivedeadball,0,,,,,,,,,,,,
01:16,01:16:00,19,19,0,1,1,REGULAR,2,B. Newley,0,freethrow,169,,,1of2,1,4,,Brad,Newley,Brad,Newley,B,N,B,N,B. Newley,
01:16,01:16:00,19,19,0,2,1,REGULAR,12,J. Magette,1,substitution,167,,,out,0,2,,Josh,Magette,Josh,Magette,J,M,J,M,J. Magette,
01:16,01:16:00,19,19,0,2,1,REGULAR,1,J. Weeks,1,substitution,168,,,in,0,97,,Jarrad,Weeks,Jarrad,Weeks,J,W,J,W,Weeksy_11,
01:16,01:16:00,19,19,0,1,1,REGULAR,6,J. White,1,substitution,166,,,in,0,14,,Jack,White,Jack,White,J,W,J,W,J. White,
01:16,01:16:00,19,19,0,1,1,REGULAR,16,C. Agada,1,substitution,165,,,in,0,7,,Caleb,Agada,Caleb,Agada,C,A,C,A,C. Agada,
01:16,01:16:00,19,19,0,1,1,REGULAR,9,Y. Baba,1,substitution,163,,,out,0,18,,Yudai,Baba,Yudai,Baba,Y,B,Y,B,Y. Baba,
01:16,01:16:00,19,19,0,1,1,REGULAR,11,M. Peatling,1,substitution,164,,,out,0,22,,Mason,Peatling,Mason,Peatling,M,P,M,P,M. Peatling,
01:16,01:16:00,19,19,0,1,1,REGULAR,2,B. Newley,1,foulon,162,161,,,0,4,,Brad,Newley,Brad,Newley,B,N,B,N,B. Newley,
01:16,01:16:00,19,19,0,2,1,REGULAR,2,C. Steindl,1,foul,161,,2freethrow,personal,0,35,,Clint,Steindl,Clint,Steindl,C,S,C,S,C. Steindl,
01:30,01:30:00,19,19,0,2,1,REGULAR,4,J. Bairstow,1,assist,159,158,,,0,21,,Jarred,Bairstow,Jarred,Bairstow,J,B,J,B,J. Bairstow,
01:30,01:30:00,19,19,0,2,1,REGULAR,14,M. McIntosh,1,3pt,158,,2ndchance,jumpshot,1,0,fromturnover,Mikyle,Mcintosh,MiKyle,McIntosh,M,M,M,M,M. Mcintosh,
01:30,01:30:00,19,16,3,2,1,REGULAR,4,J. Bairstow,1,rebound,157,156,,offensive,0,21,,Jarred,Bairstow,Jarred,Bairstow,J,B,J,B,J. Bairstow,
01:33,01:33:00,19,16,3,2,1,REGULAR,2,C. Steindl,0,2pt,156,,fromturnover,layup,1,35,pointsinthepaint,Clint,Steindl,Clint,Steindl,C,S,C,S,C. Steindl,
01:41,01:41:00,19,16,3,2,1,REGULAR,8,S. McDaniel,1,steal,155,154,,,0,30,,Sam,Mcdaniel,Sam,McDaniel,S,M,S,M,S. Mcdaniel,
01:41,01:41:00,19,16,3,1,1,REGULAR,14,A. Hukporti,1,turnover,154,,,badpass,0,15,,Ariel,Hukporti,Ariel,Hukporti,A,H,A,H,A. Hukporti,
01:45,01:45:00,19,16,3,2,1,REGULAR,12,J. Magette,1,assist,152,151,,,0,2,,Josh,Magette,Josh,Magette,J,M,J,M,J. Magette,
01:45,01:45:00,19,16,3,2,1,REGULAR,4,J. Bairstow,1,2pt,151,,pointsinthepaint,layup,1,21,,Jarred,Bairstow,Jarred,Bairstow,J,B,J,B,J. Bairstow,
01:59,01:59:00,19,14,5,1,1,REGULAR,5,S. Ili,1,3pt,149,,fromturnover,jumpshot,1,51,,Shea,Ili,Shea,Ili,S,I,S,I,Shili_,
02:10,02:10:00,16,14,2,2,1,REGULAR,4,J. Bairstow,1,turnover,147,,,ballhandling,0,21,,Jarred,Bairstow,Jarred,Bairstow,J,B,J,B,J. Bairstow,
02:29,02:29:00,16,14,2,1,1,REGULAR,5,S. Ili,1,assist,145,144,,,0,51,,Shea,Ili,Shea,Ili,S,I,S,I,Shili_,
02:29,02:29:00,16,14,2,1,1,REGULAR,2,B. Newley,1,3pt,144,,,jumpshot,1,4,,Brad,Newley,Brad,Newley,B,N,B,N,B. Newley,
02:43,02:43:00,13,14,-1,1,1,REGULAR,0,,1,rebound,142,140,team,defensive,0,,,,,,,,,,,,
02:43,02:43:00,13,14,-1,1,1,REGULAR,14,A. Hukporti,1,block,141,140,,,0,15,,Ariel,Hukporti,Ariel,Hukporti,A,H,A,H,A. Hukporti,
02:43,02:43:00,13,14,-1,2,1,REGULAR,14,M. McIntosh,0,2pt,140,,pointsinthepaint,layup,1,0,blocked,Mikyle,Mcintosh,MiKyle,McIntosh,M,M,M,M,M. Mcintosh,
03:01,03:01:00,13,14,-1,1,1,REGULAR,9,Y. Baba,1,freethrow,137,,,2of2,1,18,,Yudai,Baba,Yudai,Baba,Y,B,Y,B,Y. Baba,
03:01,03:01:00,12,14,-2,1,1,REGULAR,9,Y. Baba,1,freethrow,136,,,1of2,1,18,,Yudai,Baba,Yudai,Baba,Y,B,Y,B,Y. Baba,
03:01,03:01:00,11,14,-3,1,1,REGULAR,9,Y. Baba,1,foulon,135,134,,,0,18,,Yudai,Baba,Yudai,Baba,Y,B,Y,B,Y. Baba,
03:01,03:01:00,11,14,-3,2,1,REGULAR,14,M. McIntosh,1,foul,134,,2freethrow,personal,0,0,,Mikyle,Mcintosh,MiKyle,McIntosh,M,M,M,M,M. Mcintosh,
03:15,03:15:00,11,14,-3,2,1,REGULAR,8,S. McDaniel,1,freethrow,130,,2ndchance,1of1,1,30,fromturnover,Sam,Mcdaniel,Sam,McDaniel,S,M,S,M,S. Mcdaniel,
03:15,03:15:00,11,13,-2,2,1,REGULAR,4,J. Bairstow,1,assist,129,126,,,0,21,,Jarred,Bairstow,Jarred,Bairstow,J,B,J,B,J. Bairstow,
03:15,03:15:00,11,13,-2,2,1,REGULAR,8,S. McDaniel,1,foulon,128,127,,,0,30,,Sam,Mcdaniel,Sam,McDaniel,S,M,S,M,S. Mcdaniel,
03:15,03:15:00,11,13,-2,1,1,REGULAR,14,A. Hukporti,1,foul,127,,shooting,personal,0,15,1freethrow,Ariel,Hukporti,Ariel,Hukporti,A,H,A,H,A. Hukporti,
03:15,03:15:00,11,13,-2,2,1,REGULAR,8,S. McDaniel,1,2pt,126,,2ndchance,layup,1,30,fromturnover,Sam,Mcdaniel,Sam,McDaniel,S,M,S,M,S. Mcdaniel,pointsinthepaint
03:18,03:18:00,11,11,0,2,1,REGULAR,8,S. McDaniel,1,rebound,124,123,,offensive,0,30,,Sam,Mcdaniel,Sam,McDaniel,S,M,S,M,S. Mcdaniel,
03:21,03:21:00,11,11,0,2,1,REGULAR,2,C. Steindl,0,3pt,123,,fromturnover,jumpshot,1,35,,Clint,Steindl,Clint,Steindl,C,S,C,S,C. Steindl,
03:26,03:26:00,11,11,0,1,1,REGULAR,10,J. Lual-Acuil Jr,1,substitution,120,,,out,0,0,,Jo,Lual-Acuil Jr,Jo,Lual-Acuil Jr,J,L,J,L,J. Lual-Acuil Jr,
03:26,03:26:00,11,11,0,1,1,REGULAR,14,A. Hukporti,1,substitution,121,,,in,0,15,,Ariel,Hukporti,Ariel,Hukporti,A,H,A,H,A. Hukporti,
03:26,03:26:00,11,11,0,1,1,REGULAR,0,,1,timeout,119,,,full,0,,,,,,,,,,,,
03:42,03:42:00,11,11,0,2,1,REGULAR,12,J. Magette,1,steal,114,113,,,0,2,,Josh,Magette,Josh,Magette,J,M,J,M,J. Magette,
03:42,03:42:00,11,11,0,1,1,REGULAR,11,M. Peatling,1,turnover,113,,,badpass,0,22,,Mason,Peatling,Mason,Peatling,M,P,M,P,M. Peatling,
03:43,03:43:00,11,11,0,2,1,REGULAR,8,S. McDaniel,1,assist,112,110,,,0,30,,Sam,Mcdaniel,Sam,McDaniel,S,M,S,M,S. Mcdaniel,
03:43,03:43:00,11,11,0,2,1,REGULAR,4,J. Bairstow,1,2pt,110,,fromturnover,layup,1,21,pointsinthepaint,Jarred,Bairstow,Jarred,Bairstow,J,B,J,B,J. Bairstow,
03:49,03:49:00,11,9,2,2,1,REGULAR,12,J. Magette,1,steal,109,108,,,0,2,,Josh,Magette,Josh,Magette,J,M,J,M,J. Magette,
03:49,03:49:00,11,9,2,1,1,REGULAR,5,S. Ili,1,turnover,108,,,badpass,0,51,,Shea,Ili,Shea,Ili,S,I,S,I,Shili_,
03:51,03:51:00,11,9,2,2,1,REGULAR,6,J. McVeigh,1,substitution,103,,,out,0,9,,Jack,Mcveigh,Jack,McVeigh,J,M,J,M,Jackmctrey1,
03:51,03:51:00,11,9,2,2,1,REGULAR,14,M. McIntosh,1,substitution,104,,,in,0,0,,Mikyle,Mcintosh,MiKyle,McIntosh,M,M,M,M,M. Mcintosh,
04:06,04:06:00,11,9,2,2,1,REGULAR,12,J. Magette,1,2pt,101,,pointsinthepaint,turnaroundjumpshot,1,2,,Josh,Magette,Josh,Magette,J,M,J,M,J. Magette,
04:22,04:22:00,11,7,4,1,1,REGULAR,5,S. Ili,1,freethrow,97,,,2of2,1,51,,Shea,Ili,Shea,Ili,S,I,S,I,Shili_,
04:22,04:22:00,10,7,3,1,1,REGULAR,5,S. Ili,1,freethrow,96,,,1of2,1,51,,Shea,Ili,Shea,Ili,S,I,S,I,Shili_,
04:22,04:22:00,9,7,2,2,1,REGULAR,3,M. Kenyon,1,substitution,94,,,out,0,1,,Matt,Kenyon,Matt,Kenyon,M,K,M,K,M. Kenyon,
04:22,04:22:00,9,7,2,2,1,REGULAR,8,S. McDaniel,1,substitution,95,,,in,0,30,,Sam,Mcdaniel,Sam,McDaniel,S,M,S,M,S. Mcdaniel,
04:22,04:22:00,9,7,2,1,1,REGULAR,5,S. Ili,1,foulon,93,92,,,0,51,,Shea,Ili,Shea,Ili,S,I,S,I,Shili_,
04:22,04:22:00,9,7,2,2,1,REGULAR,3,M. Kenyon,1,foul,92,,2freethrow,personal,0,1,,Matt,Kenyon,Matt,Kenyon,M,K,M,K,M. Kenyon,
04:29,04:29:00,9,7,2,2,1,REGULAR,2,C. Steindl,1,substitution,85,,,in,0,35,,Clint,Steindl,Clint,Steindl,C,S,C,S,C. Steindl,
04:29,04:29:00,9,7,2,2,1,REGULAR,4,J. Bairstow,1,substitution,84,,,in,0,21,,Jarred,Bairstow,Jarred,Bairstow,J,B,J,B,J. Bairstow,
04:29,04:29:00,9,7,2,2,1,REGULAR,11,J. Adams,1,substitution,82,,,out,0,14,,Josh,Adams,Josh,Adams,J,A,J,A,J. Adams,
04:29,04:29:00,9,7,2,2,1,REGULAR,9,F. Krslovic,1,substitution,83,,,out,0,20,,Fabijan,Krslovic,Fabijan,Krslovic,F,K,F,K,F. Krslovic,
04:29,04:29:00,9,7,2,1,1,REGULAR,5,S. Ili,1,substitution,81,,,in,0,51,,Shea,Ili,Shea,Ili,S,I,S,I,Shili_,
04:29,04:29:00,9,7,2,1,1,REGULAR,11,M. Peatling,1,substitution,80,,,in,0,22,,Mason,Peatling,Mason,Peatling,M,P,M,P,M. Peatling,
04:29,04:29:00,9,7,2,1,1,REGULAR,13,M. Dellavedova,1,substitution,78,,,out,0,8,,Matthew,Dellavedova,Matthew,Dellavedova,M,D,M,D,M. Dellavedova,
04:29,04:29:00,9,7,2,1,1,REGULAR,6,J. White,1,substitution,79,,,out,0,14,,Jack,White,Jack,White,J,W,J,W,J. White,
04:29,04:29:00,9,7,2,1,1,REGULAR,6,J. White,1,foulon,77,76,,,0,14,,Jack,White,Jack,White,J,W,J,W,J. White,
04:29,04:29:00,9,7,2,2,1,REGULAR,9,F. Krslovic,1,foul,76,,,personal,0,20,,Fabijan,Krslovic,Fabijan,Krslovic,F,K,F,K,F. Krslovic,
04:51,04:51:00,9,7,2,2,1,REGULAR,12,J. Magette,1,assist,74,73,,,0,2,,Josh,Magette,Josh,Magette,J,M,J,M,J. Magette,
04:51,04:51:00,9,7,2,2,1,REGULAR,6,J. McVeigh,1,2pt,73,,,pullupjumpshot,1,9,,Jack,Mcveigh,Jack,McVeigh,J,M,J,M,Jackmctrey1,
05:05,05:05:00,9,5,4,1,1,REGULAR,16,C. Agada,1,substitution,70,,,out,0,7,,Caleb,Agada,Caleb,Agada,C,A,C,A,C. Agada,
05:05,05:05:00,9,5,4,1,1,REGULAR,2,B. Newley,1,substitution,71,,,in,0,4,,Brad,Newley,Brad,Newley,B,N,B,N,B. Newley,
05:05,05:05:00,9,5,4,2,1,REGULAR,0,,1,rebound,69,67,team,defensive,0,,,,,,,,,,,,
05:08,05:08:00,9,5,4,1,1,REGULAR,13,M. Dellavedova,0,2pt,67,,pointsinthepaint,turnaroundjumpshot,1,8,,Matthew,Dellavedova,Matthew,Dellavedova,M,D,M,D,M. Dellavedova,
05:14,05:14:00,9,5,4,1,1,REGULAR,10,J. Lual-Acuil Jr,1,rebound,66,65,,defensive,0,0,,Jo,Lual-Acuil Jr,Jo,Lual-Acuil Jr,J,L,J,L,J. Lual-Acuil Jr,
05:17,05:17:00,9,5,4,2,1,REGULAR,9,F. Krslovic,0,2pt,65,,2ndchance,hookshot,1,20,fromturnover,Fabijan,Krslovic,Fabijan,Krslovic,F,K,F,K,F. Krslovic,pointsinthepaint
05:18,05:18:00,9,5,4,2,1,REGULAR,9,F. Krslovic,1,rebound,64,63,,offensive,0,20,,Fabijan,Krslovic,Fabijan,Krslovic,F,K,F,K,F. Krslovic,
05:21,05:21:00,9,5,4,2,1,REGULAR,6,J. McVeigh,0,3pt,63,,2ndchance,stepbackjumpshot,1,9,fromturnover,Jack,Mcveigh,Jack,McVeigh,J,M,J,M,Jackmctrey1,
05:23,05:23:00,9,5,4,2,1,REGULAR,9,F. Krslovic,1,rebound,62,61,,offensive,0,20,,Fabijan,Krslovic,Fabijan,Krslovic,F,K,F,K,F. Krslovic,
05:27,05:27:00,9,5,4,2,1,REGULAR,9,F. Krslovic,0,2pt,61,,fromturnover,drivinglayup,1,20,pointsinthepaint,Fabijan,Krslovic,Fabijan,Krslovic,F,K,F,K,F. Krslovic,
05:53,05:53:00,9,5,4,1,1,REGULAR,5,S. Ili,1,substitution,54,,,out,0,51,,Shea,Ili,Shea,Ili,S,I,S,I,Shili_,
05:53,05:53:00,9,5,4,1,1,REGULAR,9,Y. Baba,1,substitution,55,,,in,0,18,,Yudai,Baba,Yudai,Baba,Y,B,Y,B,Y. Baba,
05:53,05:53:00,9,5,4,1,1,REGULAR,10,J. Lual-Acuil Jr,1,turnover,53,,,ballhandling,0,0,,Jo,Lual-Acuil Jr,Jo,Lual-Acuil Jr,J,L,J,L,J. Lual-Acuil Jr,
06:08,06:08:00,9,5,4,2,1,REGULAR,3,M. Kenyon,1,assist,51,50,,,0,1,,Matt,Kenyon,Matt,Kenyon,M,K,M,K,M. Kenyon,
06:08,06:08:00,9,5,4,2,1,REGULAR,9,F. Krslovic,1,3pt,50,,,jumpshot,1,20,,Fabijan,Krslovic,Fabijan,Krslovic,F,K,F,K,F. Krslovic,
06:25,06:25:00,9,2,7,2,1,REGULAR,3,M. Kenyon,1,rebound,49,47,,defensive,0,1,,Matt,Kenyon,Matt,Kenyon,M,K,M,K,M. Kenyon,
06:25,06:25:00,9,2,7,1,1,REGULAR,16,C. Agada,0,freethrow,47,,fromturnover,1of1,1,7,,Caleb,Agada,Caleb,Agada,C,A,C,A,C. Agada,
06:25,06:25:00,9,2,7,1,1,REGULAR,16,C. Agada,1,foulon,46,45,,,0,7,,Caleb,Agada,Caleb,Agada,C,A,C,A,C. Agada,
06:25,06:25:00,9,2,7,2,1,REGULAR,3,M. Kenyon,1,foul,45,,shooting,personal,0,1,1freethrow,Matt,Kenyon,Matt,Kenyon,M,K,M,K,M. Kenyon,
06:25,06:25:00,9,2,7,1,1,REGULAR,5,S. Ili,1,assist,44,43,,,0,51,,Shea,Ili,Shea,Ili,S,I,S,I,Shili_,
06:25,06:25:00,9,2,7,1,1,REGULAR,16,C. Agada,1,2pt,43,,fromturnover,layup,1,7,pointsinthepaint,Caleb,Agada,Caleb,Agada,C,A,C,A,C. Agada,
06:38,06:38:00,7,2,5,1,1,REGULAR,5,S. Ili,1,foulon,40,38,,,0,51,,Shea,Ili,Shea,Ili,S,I,S,I,Shili_,
06:38,06:38:00,7,2,5,2,1,REGULAR,11,J. Adams,1,turnover,39,38,,offensive,0,14,,Josh,Adams,Josh,Adams,J,A,J,A,J. Adams,
06:38,06:38:00,7,2,5,2,1,REGULAR,11,J. Adams,1,foul,38,,,offensive,0,14,,Josh,Adams,Josh,Adams,J,A,J,A,J. Adams,
06:56,06:56:00,7,2,5,1,1,REGULAR,10,J. Lual-Acuil Jr,1,assist,36,35,,,0,0,,Jo,Lual-Acuil Jr,Jo,Lual-Acuil Jr,J,L,J,L,J. Lual-Acuil Jr,
06:56,06:56:00,7,2,5,1,1,REGULAR,5,S. Ili,1,2pt,35,,pointsinthepaint,layup,1,51,,Shea,Ili,Shea,Ili,S,I,S,I,Shili_,
07:07,07:07:00,5,2,3,1,1,REGULAR,10,J. Lual-Acuil Jr,1,foulon,33,32,,,0,0,,Jo,Lual-Acuil Jr,Jo,Lual-Acuil Jr,J,L,J,L,J. Lual-Acuil Jr,
07:07,07:07:00,5,2,3,2,1,REGULAR,9,F. Krslovic,1,foul,32,,,personal,0,20,,Fabijan,Krslovic,Fabijan,Krslovic,F,K,F,K,F. Krslovic,
07:27,07:27:00,5,2,3,2,1,REGULAR,12,J. Magette,1,2pt,30,,pointsinthepaint,pullupjumpshot,1,2,,Josh,Magette,Josh,Magette,J,M,J,M,J. Magette,
07:51,07:51:00,5,0,5,1,1,REGULAR,13,M. Dellavedova,1,assist,29,28,,,0,8,,Matthew,Dellavedova,Matthew,Dellavedova,M,D,M,D,M. Dellavedova,
07:51,07:51:00,5,0,5,1,1,REGULAR,6,J. White,1,2pt,28,,2ndchance,layup,1,14,pointsinthepaint,Jack,White,Jack,White,J,W,J,W,J. White,
07:57,07:57:00,3,0,3,1,1,REGULAR,6,J. White,1,rebound,27,26,,offensive,0,14,,Jack,White,Jack,White,J,W,J,W,J. White,
08:00,08:00:00,3,0,3,1,1,REGULAR,13,M. Dellavedova,0,3pt,26,,,pullupjumpshot,1,8,,Matthew,Dellavedova,Matthew,Dellavedova,M,D,M,D,M. Dellavedova,
08:02,08:02:00,3,0,3,1,1,REGULAR,10,J. Lual-Acuil Jr,1,rebound,25,24,,defensive,0,0,,Jo,Lual-Acuil Jr,Jo,Lual-Acuil Jr,J,L,J,L,J. Lual-Acuil Jr,
08:06,08:06:00,3,0,3,2,1,REGULAR,11,J. Adams,0,2pt,24,,pointsinthepaint,drivinglayup,1,14,,Josh,Adams,Josh,Adams,J,A,J,A,J. Adams,
08:22,08:22:00,3,0,3,1,1,REGULAR,13,M. Dellavedova,1,assist,132,23,,,0,8,,Matthew,Dellavedova,Matthew,Dellavedova,M,D,M,D,M. Dellavedova,
08:22,08:22:00,3,0,3,1,1,REGULAR,10,J. Lual-Acuil Jr,1,3pt,23,,,jumpshot,1,0,,Jo,Lual-Acuil Jr,Jo,Lual-Acuil Jr,J,L,J,L,J. Lual-Acuil Jr,
08:36,08:36:00,0,0,0,1,1,REGULAR,6,J. White,1,rebound,22,21,,defensive,0,14,,Jack,White,Jack,White,J,W,J,W,J. White,
08:41,08:41:00,0,0,0,2,1,REGULAR,11,J. Adams,0,3pt,21,,,jumpshot,1,14,,Josh,Adams,Josh,Adams,J,A,J,A,J. Adams,
08:49,08:49:00,0,0,0,2,1,REGULAR,11,J. Adams,1,rebound,20,19,,defensive,0,14,,Josh,Adams,Josh,Adams,J,A,J,A,J. Adams,
08:52,08:52:00,0,0,0,1,1,REGULAR,6,J. White,0,2pt,19,,pointsinthepaint,turnaroundjumpshot,1,14,,Jack,White,Jack,White,J,W,J,W,J. White,
09:12,09:12:00,0,0,0,1,1,REGULAR,0,,1,rebound,17,15,team,defensive,0,,,,,,,,,,,,
09:14,09:14:00,0,0,0,2,1,REGULAR,6,J. McVeigh,0,2pt,15,,2ndchance,jumpshot,1,9,pointsinthepaint,Jack,Mcveigh,Jack,McVeigh,J,M,J,M,Jackmctrey1,
09:19,09:19:00,0,0,0,2,1,REGULAR,3,M. Kenyon,1,rebound,14,13,,offensive,0,1,,Matt,Kenyon,Matt,Kenyon,M,K,M,K,M. Kenyon,
09:22,09:22:00,0,0,0,2,1,REGULAR,11,J. Adams,0,3pt,13,,,pullupjumpshot,1,14,,Josh,Adams,Josh,Adams,J,A,J,A,J. Adams,
09:27,09:27:00,0,0,0,2,1,REGULAR,9,F. Krslovic,1,rebound,12,11,,defensive,0,20,,Fabijan,Krslovic,Fabijan,Krslovic,F,K,F,K,F. Krslovic,
09:31,09:31:00,0,0,0,1,1,REGULAR,6,J. White,0,3pt,11,,,jumpshot,1,14,,Jack,White,Jack,White,J,W,J,W,J. White,
09:38,09:38:00,0,0,0,1,1,REGULAR,6,J. White,1,rebound,10,9,,defensive,0,14,,Jack,White,Jack,White,J,W,J,W,J. White,
09:42,09:42:00,0,0,0,2,1,REGULAR,9,F. Krslovic,0,3pt,9,,,jumpshot,1,20,,Fabijan,Krslovic,Fabijan,Krslovic,F,K,F,K,F. Krslovic,
09:56,09:56:00,0,0,0,1,1,REGULAR,10,J. Lual-Acuil Jr,1,jumpball,7,4,,lost,0,0,,Jo,Lual-Acuil Jr,Jo,Lual-Acuil Jr,J,L,J,L,J. Lual-Acuil Jr,
09:56,09:56:00,0,0,0,2,1,REGULAR,9,F. Krslovic,1,jumpball,6,4,,won,0,20,,Fabijan,Krslovic,Fabijan,Krslovic,F,K,F,K,F. Krslovic,
10:00,10:00:00,0,0,0,0,1,REGULAR,0,,1,jumpball,4,,,startperiod,0,,,,,,,,,,,,
10:00,10:00:00,0,0,0,0,1,REGULAR,0,,1,period,2,,,start,0,,,,,,,,,,,,
10:00,10:00:00,0,0,0,0,1,REGULAR,0,,1,game,1,,,start,0,,,,,,,,,,,,
